dapp_id,name
aave,Aave
alex,Aleph.im
first,Fireball
0x,0x
0xbitcoin,0xBitcoin
0xcert,0xcert
0xethereumtoken,_0xEthereumToken
0xmonerotoken,_0xMoneroToken
10x-gg,10x.gg
1ai-io,1AI.io
1hive,Chain
1inch-network,1inch Network
1inch-network-v2,1inch Network v2
1inch-v3,1inch V3
1inch-exchange,1inch.exchange
1irstcoin,FlashSwap
1million-token,1Million Token
1worldtoken,1WorldToken
2+2=4+4=8,2+2=4+4=8
22x-fund,22x Fund
2key-network,2key Network
300-token,300 Token
4artechnologies,4ARTechnologies
4thtech,LockedToken
a1coin,A1Coin
aaa,Aaa
aaatoken,AAAToken
ab-chain,AB-CHAIN
abatoken,ABAToken
abbc-cash,ABBC Cash
abcc,ArtFinity
abeletoken,BANG
abit-network,ABiT Network
abitshadowtoken,abitshadowToken
able-x,Polygon (Matic)ABLE X
abptcrypto,ABPTCrypto
abyss,ABYSS
academytoken,AcademyToken
acash-corp,Acash Corp
acbtc,acBTC
acceleratortoken,AcceleratorToken
accord,ArbitrageCT
acctoken,ACCToken
acdx,AceWins
ace,Ace
ace-entertainment,ACE Entertainment
acedbets,AceDBets
acewins,Archetypal.network
ach-token,ACH_TOKEN
acoin,Acoin
acuteanglecoin,AcuteAngleCoin
adbank,Aave
addc,Advertise Coin
adelphoi,AditusToken
adex,ADVC
adhivetoken,Akropolis
aditustoken,AdHiveToken
adminupgradeabilityproxy,Bitcoin2X
adshares,Adelphoi
advancedtoken,BitCEOToken
advancedtokengamehub,GGCoin
advc,Metax.io
advertise-coin,AfricaDigitalCoin
advertisingtoken,AventusToken
aegis,AgriChainToken
aelf,EchoLinkToken
aenco,Aeternity
aergo,AerToken
aeron,Armor.fi
aertoken,AToken
aerumtoken,AerumToken
aeternity,AdEx
africadigitalcoin,TokenDemo
africunia-blockchain-technology,TokenERC20
afriunioncoin,Auctus
afrodex,Africunia Blockchain Technology
aga-platform,Asian Fintech
agavecoin,Gold and Silver Standard
agbc,Aga Platform
agrello,Dalong Token
agrichaintoken,LuaToken
agricoin,SingularityNET
agrotechfarmtoken,ATCCOIN
ahttoken,AgaveCoin
ai-doctor,AidCoin
ai-mining,AI-Doctor
aidcoin,PolyAi
aigang,AIVIA
aigathatoken,BiotechToken
aigopay-id,Aigopay.id
aion,AI Mining
aipetoken,AION
airbloc,Airbloc
airswap,Aave
airtoken,AIPEToken
ait-tokenerc20,AirToken
aivia,ArtificialIntelligenceUnion
akc,Aigang
akm,AKC
akropolis,Token
alaricoin,AllianceBlock
alchemix,Alaricoin
alchemy,Alchemy
alchemy-tech,Alchemy Tech
aleph-im,Aave
algorytoken,ALEX
alice,TokenERC20
alistoken,Aave
all-best-ico-com,ALISToken
allbandex,allbandex
allianceblock,Akropolis
allohash,LeveragedToken
allsportscoin,AllSportsCoin
almeela,Markyt
alpaca-city,Alphacon
alpcoin,ShardRegistry
alpha-finance-lab,Alpaca City
alpha-quark,APY Finance
alphabitcoinfund-com,Alphabitcoinfund.com
alphacartoken,AlphaCarToken
alphacoincoin,AOG
alphacon,ALPCoin
alt-estate,Alpha Finance Lab
altcoinstalks-com,LeveragedToken
amazingunit,TokenERC20
ambrosus,Aave
amis,TokenERC20
amlt,Aave
amltoken,Atmchain.io
ammbr,Ampleforth
amntoken,MicroMoney
amo,AMNToken
amp,AMO
amplecointoken,AmpleCoinToken
ampleforth,Amp
ampleforth-governance,Foresight
amplesense,HumanStandardToken
amun-limited,Set
anatha-io,Anatha.io
anchor,Anchor Protocol
anchor-neural-world,MyERC20
anchor-protocol,AmazingUnit
angeltoken,Aureus Nummus Gold
animeyen,AngelToken
animoca,Animoca
ankorus,Apple Network
ankr-network,Ankorus
antares,DEGO.Finance
antimatter,LeveragedToken
anyswap,Anchor Neural World
ao,AnySwap
aog,Aurora
apex,APT
api3,SyntheticToken
apiary-fund-coin,BaseToken
apis-platform,API3
apm-coin,Apis Platform
apodtokencontract,APM Coin
apollo18,Apollo18
appcoins,TokenERC20
apple-network,Aragon Network Juror
appleprotocol,APPLEPROTOCOL
apt,ERC20Standard
apy-finance,APEX
apy-vision,APY Vision
ara,Alpha Quark
aragon,Ankr Network
aragon-network-juror,Animeyen
arawtoken-io,Ara
arbidex,Arbidex
arbitragect,Arcona Technology
arbitraging,Arawtoken.io
arcade-city,Arbitraging
arcblock,ArcBlock
arch-crypton-game,Arcade.city
archer-dao,Arch Crypton Game
archetypal-network,etherscan.io | 524
arcona-technology,Archer DAO
arenamatchgold,FixedSupplyToken
argentmodule,ArgentModule
arianee,Aave
armblockchainbank,ArmBlockchainBank
armor,Aeron
armor-fi,ArmorsToken
armorstoken,Arianee
armtoken,ArmToken
arpa,Armor
artchaintoken,ArtChainToken
artemine,ethart.org
artextoken,ARTISTA
artfinity,Asyagro
artificialintelligenceunion,AIT_TokenERC20
artis-turba,Artemine
artista,Artis Turba
arxtoken,ArtexToken
asac-coin,Block Array
ascctoken,Asac Coin
asian-dragon,ACDX
asian-fintech,AfroDex
askobar-network,Set
assemble-protocol,Askobar Network
asset,MintableToken
assetgdptoken,GDCT
astronaut-capital,AirSwap
astrotools,Astronaut Capital
asyagro,Aave
ataritoken,FTX
atccoin,ABCC
athero,ATHERO
atlant,Mammoth Corp
atmatrixtoken,AuthorshipToken
atmchain-io,Atlant
atn,AMLToken
atoken,Aenco
atom-solutions,Atom Solutions
atomic-wallet,Acash Corp
atomsolutions,AtomSolutions
attention-mining,Deficliq
atx,Aave
aubit,Friends With Benefits
auctus,ATX
audftoken,Bounce Finance
audius,AUDFToken
augur,NitroPlatformToken
aureus-nummus-gold,Anchor
auric-network,Gold and Silver Standard
aurora,AO
aurora-dao,CrowdsaleTokenExt
authorshiptoken,AtariToken
autonio-foundation,NFY.Finance
avalontoken,Cube
aventustoken,Avinoc.com
avhstandardtoken,AvalonToken
avinoc-com,AVHStandardToken
avytoken,Token
ax-net,Axion
axia-protocol,Axioms
axial-entertainment-digital-asset,AxisToken
axie-infinity,Axie Infinity
axioms,FixedSupplyToken
axion,AxiaL Entertainment Digital Asset
axistoken,AXIA PROTOCOL
az-fundchain,Aave
azbi-io,Ax.net
azumacoin-io,Doki Doki Finance
b-20,HumanStandardToken
b2bcoincontract,SimpleToken
b2bx,B.20
baasid,B2BX
babb-platform,Basic Attention
backtoearth,Gather
baconcoin,Badger
baconswap,Basis Cash
badger,BaconSwap
badgerhunt,BadgerHunt
baguette,BGTCoin
balancer,Balancer
ballooncoin,Balancer
bamboodefi,Big Data Protocol
banana-finance,BambooDeFi
bananacoin,BCNTToken
bananatoken,BMX_Token
bananodos,BananoDOS
banca,Banana Finance
bancdigital-oü,DecentralizeCurrency
banco-de-ideias,Opiria
bancor,BNS.Finance
band-protocol,BANCA
bang,Band Protocol
bankcoinbcash,Blockchain Capital
bankcoincash,MetaGraphChain
bankeratoken,BananaToken
bankroll,Bankroll
banqueuniversal,CommerceBlock
bao-finance,CrowdsaleToken
barbarossacontract,BillionaireAmbition
barnbridge,MyToken
barter-trade,BarbarossaContract
base-protocol,ShareV2
basecontract,BaseContract
baserewardpool,BaseRewardPool
basetoken,Aave
basic,Base Protocol
basic-attention,Bast
basictoken,BasicToken
basis-cash,BowlACoin
basis-coin,BeerCoin
basis-dollar,BeniSyahroni
basketdao,Big Data Protocol
bast,Basic
bastonetoken,BSHORT
battletoken,Bitlle
bavala,Token
bazaargifttoken,BazaarGiftToken
bazt,TokenERC20
bbitoken,Big Bang Game
bbntoken,Brickblock
bc,CTetherUSD
bcnttoken,BeforeCoinMarketCap
bdb,MultiToken
bdcc,BOARDCOIN
bdr,BITTO
beast-dao,LeveragedToken
beat,Beast DAO
beauty-chain,BEAT
beaxy,Bitfxt
bee,Beauty Chain
beercoin,CustomToken
beestorehoneytoken,Hakka Finance
beeunity,BtzToken
beforecoinmarketcap,CAToken
believer,Bulvrdapp.com
belifex,Bee
bella,Belifex
bellevue-network,Ethereum Blue Token
benchmark,SyntheticToken
benepit,Brokerneko.com
benisyahroni,Braziliex
benzitoken,Livebela.com
beowulf,MyAdvancedToken
berrytoken,BetProtocol
bether,Bhpcash.io
bethereum,Dao.Casino Token
betkingtoken,BKBToken
betprotocol,BLUCON
better-betting,Bethereum
bezant,Bizkey
bezop,Better Betting
bgogo,Biograffi
bgtcoin,Bgogo
bhex,BeeStoreHoneyToken
bhitoken,Baguette
bhpcash-io,BuckHath
bidao-chain,BitherCash
bidcoin,DefiBids
bidesk,BitDegree
bidipass,Binance
bidm,Bidao Chain
bidoohtoken,Donut
bifrost,Bit Financial
big-bang-game,Binance
big-data-protocol,BalloonCoin
bigbangcoin,Binance
bigbomtokenextended,BBNToken
bigkeycoin,Nami Token
bigone,One Cash
bikicoin,BitIDR
bilaxy,BaseToken
bilira,BiLira
billionaireambition,Bao Finance
bimcointoken,BIKICOIN
binance,B2BCoinContract
binance-usd,Binance USD
bintex-futures,BNTE
biograffi,HumanStandardToken
biokkoin,BKFToken
biotechtoken,AgroTechFarmToken
bit-financial,Bezop
bit-z,Bytus
bitairtoken,AdminUpgradeabilityProxy
bitasean,Barter Trade
bitball,BitHash
bitbook-gambling,Xiotri
bitbounce-com/credo,CREDIT
bitceotoken,EvidenZ
bitcherry,LeveragedToken
bitclave,BlockCat
bitcoin&company-network,TokenMintERC20MintableToken
bitcoin-fast,Set
bitcoin-galaxy-warp,BitcoinGEN
bitcoin-red,ERC20Token
bitcoin-turbo-koin,Bitherium
bitcoin2x,PieDAO
bitcoinbrand,BitAirToken
bitcoincard,BitcoinCard
bitcoineum-com,BTEcoin
bitcoinevo,BTU Protocol
bitcoingalaxy,RebalancingSetTokenV3
bitcoingen,BitcoinGalaxy
bitcoinmax-info,Bitcomo
bitcoinneo,Set
bitcoinplatinums,PieDAO
bitcoinsov,BastoneToken
bitcoinsvgold,LeveragedToken
bitcoinus,BitParkCoin
bitcoiva,MainToken
bitcomo,BluzelleToken
bitcurate,Bitcoin Red
bitdefi,Bitfarmings
bitdegree,BDCC
bitdicetoken,Crust Network
bitenergy,Bitcoineum.com
bitether,CrowdsaleTokenExt
bitfarmings,ERC20Token
bitfinex,LEOcoin Token
bitfluxtoken,Reflexer
bitfxt,Bitbook Gambling
bitgear,Guider
bitget,BNKtotheFuture
bithash,LeveragedToken
bithercash,Bilaxy
bitherium,BytetherToken
bitherplatformtoken,Bitether
bitidr,TokenMintERC20Token
bitifex,BitScreener
bitjob,BitJob
bitkam,KAKITOKEN
bitkertoken,BizzCoin
bitlle,BKchain
bitmart,BitMinutes
bitmax,BTMC
bitmessage,MultiToken
bitminutes,BMChainToken
bitnautic,BitnexGlobal
bitnexglobal,LeveragedToken
bitoprotoken,Bitcoin&Company Network
bitoxtoken,BitoProToken
bitpanda-ecosystem,BerryToken
bitparkcoin,BitoxToken
bitpoint,Bottos
bitqytoken,Blockport
bitremining-com,BitSerialToken
bitscoin,Bitcurate
bitscreener,BDR
bitsdaq,BitqyToken
bitserialtoken,BitEnergy
bitstash,BitStash
bitstationerc20,ERC20StandardToken
bitsten-exchange,Blocksquare
bitto,Bitcoinus
bittwatt,BitwingsToken
bitup,Binance USD
bitwingstoken,Beowulf
bitxoxo,BITXOXO
bixcpro,BondToken
bixtoken,BITIFEX
bizaintoken,BixcPro
bizkey,HumanStandardToken
bizzcoin,bizaintoken
bkbtoken,BitkerToken
bkchain,Bitcoin Turbo Koin
bkctoken,BankcoinCash
bkftoken,FactsToken
black-dragon,BasketDAO
blackhole,HOLD Token
blackmooncryptotoken,Bitcoinmax.info
blank,Token
blocery,BullionCoin
block-array,ARXToken
blockburn,BURN
blockcat,Cash Poker Pro
blockcdn,Basis Coin
blockchain-capital,Bitcoiva
blockchain-exchange-alliance,Blue Whale
blockchain-poland,BananaCoin
blockchainofafrica,BOA
blockcloud,Blank
blockclout,Cln.network
blockium,BodhiEthereum
blocklancertoken,Lunch Money Token
blockmason,bitcoinplatinums
blockmesh,MeshBox
blockonomitoken,LOAD
blockoptions,Boosted.Finance
blockparty,BOX
blockpass,Money Party
blockport,ERC20
blockrxtoken,Blockstate
blocksports,BitcoinSoV
blocksquare,BoostoToken
blockstate,Biokkoin
blockswapassetv2,BlockSwapAssetV2
blocktekuniversity,BlockRxToken
blocktrade,BitEther
blockv,Blockv
blockzero-labs,Blockzero Labs
bloom,Blockcloud
bloxchain,BonusCloud
bloxstaking,CoinDeal
bltvtoken-blocktv-com/en,BaseToken
blucon,BenziToken
blue-whale,Bittwatt
bluechips,LeveragedToken
blueshare-token,Bitsten Exchange
bluzelletoken,Blocery
bmchaintoken,BMToken
bminingtoken,BMPToken
bmj-master-nodes,Bridge Mutual
bmptoken,TokenERC20
bmtoken,BminingToken
bmx-token,BitMart
bnktothefuture,BitDEFi
bns-finance,BenePit
bnte,HumanStandardToken
bnxtoken,MainToken
boa,TokenMintERC20Token
boardcoin,BDB
boatpilot,NaviToken
bobtoken,Bosagora
bodhiethereum,Set
boldman-capital,Freight Trust Protocol
bolt-global,Boldman.capital
bolttcoin-io,Bolt Global
bomb,Bolttcoin.io
bonded-finance,BarnBridge
bondtoken,BIXtoken
bonuscloud,Blockchain Exchange Alliance
boom,Bonded Finance
boontech,BOOM
boosted-finance,BoonTech
booster,Booster
boostotoken,BlockSports
bora,BoringDAO
boringdao,BlockOptions
bosagora,BlockchainofAfrica
bottos,BitNautic
botxcoin,Bounce Finance
bouletoken,botXcoin
bounce-finance,AfriUnionCoin
bounty0x,Bintex Futures
bountymarketcap,BlackmoonCryptoToken
bowlacoin,CoinBAC
box,BOXToken
boxtoken,PreBOUToken
bpakc,ERC20Token
bptoken,Blockparty
bqt,Bitsdaq
brainiacchess,SocialMoney
brainmab,BRC
brattoken,BQT
braziliex,BreezeCoin
brc,BratToken
breezecoin,TokenERC20
brickblock,BBIToken
bridge-mutual,BountyMarketCap
brightdreamxtoken,Black Dragon
brofistcoin,Pooled Ether
brokerneko-com,BankeraToken
bshort,Basis Dollar
btchg,Bitcoin Galaxy Warp
btclite,Set
btcm,Set
btecoin,ERC20Token
btgs,Bitremining.com
btl,BattleToken
btmc,Bytom
btp,Bitpoint
btrl,BitherPlatformToken
btse,BitBall
btu-protocol,blocktrade
btztoken,TokenMintERC20Token
buckhath,BHIToken
build-finance,VotingToken
bulksender-app,Bulksender.app
bulleon,Build Finance
bullioncoin,DaaToken
bullionexchangetoken,RebalancingSetTokenV3
bullswap-protocol,BvesToken
bulvrdapp-com,Bellevue Network
bunny,LeveragedToken
burn,Bunny
burnablecrowdsaletoken,BurnableCrowdsaleToken
burnableerc20,BurnableERC20
bvestoken,Bavala
byt,Beaxy
bytethertoken,BTGS
bytom,StandardToken
bytus,Set
bzx-dai-itoken,CryptogeneidToken
bzx-eth-itoken,Synthetix
bzx-protocol-token,Bezant
bzx-sai-itoken,MyToken
c3wallet,TokenMintERC20MintableToken
cacao-shares,CryptoCarbon
cache,Carboneum
cache-gold,CGNToken
cai-today,ChangeBank
canabiotoken,CnabToken
candela,CoinlancerToken
candy-one,ShardRegistry
candycoin,COINWAYCOIN
canya,Global Crypto Alliance Token
capdax,Capdax
capital-finance,Token
cappasity,CAPToken
captoken,Capital.Finance
carats-io,FixedSupplyToken
carbcoin,Carats.io
carboneum,Coin4Cast
cardstack,CarbCoin
carlive-chain,IoTeX Network Token
carnomictoken,TombCareToken
carry-protocol,CryptoDaily
cartaxitoken,ChainTradeCoin
cartesi,RebalancingSetTokenV3
cartoken,Cappasity
carvertical,BC
cascoin,CashaaToken
cash-poker-pro,CasCoin
cashaatoken,CarNomicToken
cashbetcoin,Compound
cashpay,CashPay
cashperscan,Cipher Token
caspian,Crowdsale
castweet,Cartesi
cat-trade,CatexToken
catcoin,The Cat
catextoken,PreCAToken
catoken,SyntheticToken
cbank,CAT.trade
cbdao,CBDAO
cbix,ERC20Token
cbsn,Crypto Bonus Miles
ccctoken,CiupekCapitalCoin
ccn,ChristCoin
ccoretoken,CCN
ccs,Cacao Shares
cdctoken,Cloudbit
cdx-network,Bloxstaking
ceek,HumanStandardToken
celer-network,Celsius Network
celsius-network,Celsius Network
cenfuratoken,CenfuraToken
centoken,Celer Network
centra-tech,GeneralToken
centrality,CENToken
cerc20delegator,CErc20Delegator
certified-diamond-coin,HumanStandardToken
certifiedemissionreductionstoken,Centrality
cfc,CryptFillToken
cgcoinstoken,Cryptoforex
cgntoken,ClickGemToken
chads-vc,Set
chai,Chads.Vc
chain,Hinto Token
chain-games,Chai
chainlink,Linear Finance
chaintradecoin,Castweet
chainz-arena,ChainZ Arena
changebank,BaseToken
charg-coin,BrainiacChess
chartex,Chain Games
charzin-global,Eviff
cherrytoken,CherryToken
chiliz,Own
christcoin,Clipper Coin Capital
chromia,CoinPokerToken
chrono-tech,Chrono Tech
cichain-io,Chiliz
cindicator,CND
cipher-token,COPYLOCK
ciphercore,Cichain.io
citabittoken,TokenERC20
citizens-reserve,Citizens Reserve
ciupekcapitalcoin,DaaToken
civic,Crypto Village Accelerator
civil,CurriculumVitae
cjtoken,CitaBitToken
classie,CLASSIE
claymore,CoinClaim
clearcoin,ClearCoin
clearpolltoken,PolisPay
clickgemtoken,CGCoinsToken
climate,Coinzo
clintex,Asset
clipper-coin-capital,Coindom.com
cln-network,Claymore
cloudbit,Compound
cloudbric,Candela
clptoken,Blockclout
cmbtoken,Creatanium
cmct,Cybermoviechain.io
cmidtoken,AdminUpgradeabilityProxy
cnabtoken,ERC20Token
cnd,Connect
cng,Connect Financial
cntmtoken,CryptoEnergy
cnustoken,CNTMToken
co2bit,Climate
cobinhood,Co2Bit
cocoricos,EGCCToken
cocos-bcx,CoinBroker
cocostoken,Cocos-BCX
cofinex,ERC20Token
cofix,ERC20Token
cofound-it,CyberFi
coil-crypto,Coinnec
coin,Coin
coin-artist,Coinvest
coin4cast,C3Wallet
coinbac,BaaSid
coinbit,DXG
coinbroker,Cobinhood
coinclaim,Attention Mining
coincrowdtoken,CoinCrowdToken
coindeal,Confideal
coindefi,Coin Artist
coindom-com,CCCToken
coineal,nDEX Token
coinfi,CoFiX
coinhot,SwissBorgToken
coinjanitor,SocialMoney
coinlancertoken,CryptoKitties
coinloan,Color Platform
coinltt,LTO Network Token
coinmakes,Maker Token
coinmetro,CoinMetro
coinnec,CoinFi
coinofking,CoinDefi
coinparktoken,ShardRegistry
coinplacetoken,Crypto Price Index
coinpokertoken,Porkchop.Network
coinpulsetoken,TokenERC20
coinsbit,CanabioToken
cointorox-token,TokenMintERC20MintableToken
coinvest,MainToken
coinvisa,PolkaCover
coinwaycoin,CanYa
coinzo,Cryptonationz
color-platform,CLPToken
combo,Community Token
cometh,Mirror Protocol
commerceblock,cBSN
community-token,Unit Protocol
complexchildtoken,ComplexChildToken
compound,Compound
compoundmonitor,CompoundMonitor
confideal,CDCToken
coni,Compound
connect,TokenMintERC20Token
connect-coin,Connect Coin
connect-financial,Cindicator
constellation,Dafi Protocol
content-neutrality-network,TokenERC20
contents-protocol,CashPerScan
contractdeployer,GameCity
convex-finance,CyberVein
copylock,CoinplaceToken
copytrack,TokenMintERC20Token
core,CoinLoan
corelfxtoken,CorelFXToken
corethum,CreamtoeCoin
coreto,CONI
corionx,Popcorn
cortex,CarTaxiToken
cosmochain,COSToken
cosplay-token,COT
coss-io,CosmoChain
costoken,CorionX
cot,COSS.io
coti,Cosplay Token
couchain,Coti
coupon-chain,CCS
covatoken,Covesting
covenants,Covenants
cover-protocol,CovidToken
covesting,Couchain
covidtoken,CovaToken
covir,CVPToken
cowboy-finance,COVIDToken
coytoken,Cowboy.Finance
cr7coin,Cryptoland1
crafty,Token
cream-finance,Creditbit.org
creamtoecoin,CRTCoin
creamy,Compound
creatanium,Core
creatorpal,CoinParkToken
credit,Verify Token
creditbit-org,CryptoAds
creed-finance,Bitbounce.com/credo
cremit,StandardToken
crowdsale,BitDiceToken
crowdsaletoken,Float Protocol
crowdsaletokenext,TokenERC20
crowdwiz,CrowdWiz
crtcoin,CryptoRewards
crust-network,ETH
crvdepositor,CrvDepositor
cryphos,Cryphos
cryptaldash,Cream.Finance
cryptassist,CryptoTask
cryptaur,Contents Protocol
crypterium,Point
cryptfilltoken,Compound
crypto-accept,Crypto Accept
crypto-bonus-miles,ERC20Token
crypto-neo-value-neural-system,Content Neutrality Network
crypto-price-index,CoinPulseToken
crypto-village-accelerator,carVertical
crypto-com-chain,ERC20Token
crypto20,bZx Protocol Token
cryptoads,CR7Coin
cryptobucks,BANQUEUNIVERSAL
cryptobuyer,Cryptobuyer
cryptocarbon,Compound
cryptodaily,ERC20Token
cryptoenergy,ERC20Token
cryptoforex,Crafty
cryptofranc,CryptoFranc
cryptogene,Cryptogene
cryptogeneidtoken,Everest ID Token
cryptokaiju,KardiaChain
cryptokek-com,Keep
cryptokitties,CJToken
cryptoland1,EOSChrome
cryptonationz,EToken
cryptoniatoken,Crypto Neo-value Neural System
cryptopay,CreatorPAL
cryptorewards,CrowdsaleTokenExt
cryptosolartech,Caspian
cryptosoul,CryptoSoul
cryptotask,CTAGToken
cryptoxygen-io,Token
cryptrust-io,Centra.tech
crystalcleartoken,Coupon Chain
crystalztoken,Cortex
csp-dao,Coineal
ctagtoken,TokenERC20
ctetherusd,Compound
cube,Aave
curadai,Curate
curate,CurrentToken
curate-style,curate.style
curioinvest,Compound
currenttoken,CurioInvest
curriculumvitae,ERC20Token
curve-finance,Curve Finance
curve-fi,Curve.fi
cusd-currency,CuraDAI
customicotoken,DMM
customtoken,BankcoinBCASH
cvault-finance,Coreto
cvi-finance,GOeureka
cvntoken,Civil
cvptoken,PowerPool.Finance
cyberfi,CFC
cybermiles,CMIDToken
cybermoviechain-io,MyToken
cybervein,CoinVisa
czrtoken,CreamY
daatoken,Believer
dabcoin,Compound
dacctoken,DABcoin
dacsee,DACCToken
dafi-protocol,Edge Network Token
dagt,Constellation
dai-stablecoin,Dai Stablecoin
daily-funds,dForce
daix,Dai Stablecoin
dakutoken,DAIX
dalecoin,DefiGold
dalecoin-token,DAKUToken
dalong-token,DataKYC
damtoken,Dalecoin Token
daneeltoken,DamToken
dao-maker,TheDAO Token
dao-casino-token,Bitpanda Ecosystem
daofi,DAO Maker
daoplaymarkettoken,Polkamon
daostack,Gems Token
dapowerplaytoken,DPNToken
dapp-com,DAOfi
darico-ecosystem-coin,Debaseonomics
dark-matter,DMScript
darttoken,Dapp.com
darwinia-network-native,Darwinia Network Native
data-exchange-token,DigitalTicks
data-transaction-token,Data Transaction Token
databrokerdao,Streamr Token
dataexchange,DtcToken
datakyc,dKargo
datariustoken,Dynamic Trading Rights Token
datashieldcoin,DriveholicToken
datatoken,DSYS
datawallet-token,Coinbit
datbit-token,Dengba
datp-token,DataBrokerDao
datum,DARTToken
datx-token,DATP Token
dcs,Decenturion Token
deapcoin,ERC20Token
debaseonomics,Debitum
debitum,Deus Finance
debtcache,DebtCache
decash,DESCOUNT
decenternet,Decenternet
decentr,Darico Ecosystem Coin
decentradex,DCS
decentral-games,Definitex
decentraland-token,MATRIX AI Network
decentralizecurrency,TokenERC20
decentralizecurrencyassets,Mariaintl.com
decentralized-data-assets-management,dForce
decenturion-token,Dentacoin Token
decision-token,Helper Search Token
deepcloud-ai-token,TokenMintERC20Token
defi-of-thrones,DOSToken
defi-omega,Dalecoin
defi-yield-protocol,DataWallet Token
defiat,DFSocial
defiato,Mycoldwallet
defibids,BIDM
deficliq,Cloudbric
deficoin,Daily Funds
defidollar,DeFiCoin
defigold,DefiDollar
defilab-token,DeepCloud AI Token
definer,FIICToken
definex,StrikeToken
definitex,DigiFinex
defito-finance,MyAdvancedToken
deflacoin,Indexed
deflect-protocol,Deflacoin
dego-finance,DaneelToken
delphy-token,Certified Diamond Coin
deltachain-token,Debaseonomics
denchcoin,TokenERC20
dengba,DATx Token
dent-token,DENCHCOIN
dentacoin-token,DisledgerToken
depositmanagerproxy,DepositManagerProxy
depotoken,DEAPCoin
derivadex,DuckDaoDime
descount,Token
dether-token,DataExchange
dettoken,DeCash
deus-finance,DerivaDEX
devery-io-token,EVCOIN
dex-ag,DEX.AG
dexkit,KITTOKEN
dextf-decentralized-traded-funds,DEXTools.io
dextools-io,Dextrust
dextrust,DiamondExchangeToken
dfktoken,DeFi Omega
dflowtoken,DFKToken
dfoerc20nftwrapper,DFOERC20NFTWrapper
dfohub,ShardRegistry
dforce,DecentraDex
dfsocial,Digital Fantasy Sports Token
dgpayment,DragonNetwork
dhedge,DigiPulse Token
dia-data,dHEDGE
diamondexchangetoken,DETToken
dice-money-token,CertifiedEmissionReductionsToken
dify-finance,DiFy.Finance
digicol,DogecoinGoldClassic
digifinex,DeFiat
digimax,DigixDAO
digipulse-token,DGPayment
digital-developers-fund-token,Decentralized Data Assets Management
digital-fantasy-sports-token,token
digital-gold-exchange,Digital Gold Exchange
digital-rand,DYXToken
digital-reserve-currency,Delphy Token
digitalbits-token,DigitalBits Token
digitalticks,MainToken
digixdao,DigiCol
dimension-token,EMT
dippernetworktoken,Etherisc Token
disciplina,DataShieldCoin
disledgertoken,DistributedCreditChain
distributedcreditchain,BancDigital OÜ
district0x-token,Encrypgen
distx,DipperNetworkToken
divi-exchange-token,DIVMGroup Token
divmgroup-token,Inmediate Token
diw,Divi Exchange Token
dkargo,DIW
dmaarc,DRC Asia
dmarkettoken,Dark Matter
dmltoken,customIcoToken
dmm,Agrello
dmscript,DmlToken
dmtc-io-token,DMarketToken
dogdata-io,Etherbtc Token
dogecoingoldclassic,Decentral Games
dogefi-army,District0x Token
dogethereum,Dogefi Army
dogeyield,Dogethereum
doki-doki-finance,AZ FundChain
dollar-protocol,Dollar Protocol
domraidertoken,DREP Foundation
donut,ERC20
dora-factory,DoradoToken
doradotoken,LeveragedToken
dos-network-token,Dora Factory
dostoken,DOS Network Token
dovu,PieDAO
dowtoken,DOVU
doyourtip,DeFi Yield Protocol
dpntoken,Set
dprating-token,DPRating Token
dracula-protocol,Digital Reserve Currency
dragonfly-protocol,DflowToken
dragonnetwork,Old Diagon Coin
drc-asia,Dracula Protocol
drc-token,Dmaarc
dreamteamtoken,DRC Token
drep-foundation,DreamTeamToken
driveholictoken,DomRaiderToken
dsd,Disciplina
dstoken,Measurable Data
dsys,Definex
dtctoken,DataToken
dtop-link,Token
dubi,DaTa eXchange Token
ducato-protocol,DUBI
duckdao,Unit Protocol
duckdaodime,Digital Developers Fund Token
duo-network-token,DuckDao
dusdproxy,DUO Network Token
dxg,DUSDProxy
dxsale-network,DxSale Network
dydx,dYdX
dynamic-set-dollar,DSD
dynamic-trading-rights-token,TokenMintERC20Token
dyxtoken,DoYourTip
dzonecoin,Digital Rand
e-dome,EtherDogeToken
e-dome-net,EDRAQToken
e-pocket,Epanus
e-saham-infinity,Insured Finance
e01token,DZoneCoin
e4row-token,E01Token
eaglex-token,E4ROW Token
eaitoken,EagleX Token
earthbi,Equalizer
earthtoken,Yearn Classic
easyfeedback,ReFork
easyfi,EARTHToken
easyhomestoken,EcoSystem
easyminetoken,Ethereum Message Search
ebcoin-token,ERC20Token
ebitcoin-token,BullionExchangeToken
ebitcoincash,EBCoin Token
echolinktoken,Set
eco-value-coin,Eva Cash Token
ecometh-token,EmcoToken
ecosystem,Enegra
ecredit,eCredit
edenchain,EtherCO2
edex,EDUToken
edge-network-token,DACSEE
edraqtoken,Endor Protocol Token
education-ecosystem,Lead Wallet
educoin-token,e-dome.net
edumetrix,Emblem
edutoken,EduCoin Token
egcctoken,EthGas Token
egoras,Elrond
egretiatoken,Egoras
eguld,GUESS
eidoo,EdenChain
eightteentoken,EightteenToken
einsteincash,LeveragedToken
eip20,Lido
electrictoken,EnTanMo Token
elementh-token,Edex
elementtoken,ElementToken
eleven,Eleven
eligma-token,GoatCash
elite,EtherDiamond
elitium-token,EUCX Token
elixirtoken,HumanStandardToken
elrond,Cocoricos
eltc,ELTToken
eltcoin,ELTC
elttoken,RebalancingSetTokenV3
elynet,ElyToken
elytoken,ELTCoin
embermine-token,Mobilian
emblem,EMBToken
embtoken,Overline Emblem
emcotoken,EduMetrix
eminencecurrency,Ecometh Token
eminer-token,ELYNET
emirex-token,EMPRO
emojitoken,EminenceCurrency
emphycoin,EPXToken
empr,EtheremonToken
empro,EMPR
emt,EasyMineToken
encrypgen,DMTC.io Token
endor-protocol-token,E-Dome
enegra,EngagementToken
energitoken,SmartzToken
energolabs-token,EnergoLabs Token
energoncoin,Energoncoin
energy-web,EWO place
energy27token,Energy27Token
engagementtoken,EgretiaToken
ens,ENS
entanmo-token,EtherMan
entherfound,Elite
enzo-token,MainContract
enzyme-finance,Marshal Lion Group Coin
eos,Dimension Token
eos-trust-token,LeveragedToken
eoschrome,Copytrack
eosdac-token,LeveragedToken
epanus,Euphoria
epxtoken,EthereumPower
equal,Qchain
equalizer,Quadrant Protocol
equus-protocol,Equal
erazertoken,EarthBi
erc-20-2,Multiven
erc20,ERC20Token
erc20-token-project,ErazerToken
erc20basic,FML
erc20detailed,ERC20Detailed
erc20echt,ERC20Token
erc20presetminterpauser,ERC20PresetMinterPauser
erc20standard,AppCoins
erc20standardtoken,Blueshare_Token
erc20template,ERC20Template
erc20token,ERC20Token
erc223token-stb,ERC223Token_STB
ercaux,ErcauX
erctoken,Kingcuan
escoin,Aelf
esr,Ethernity Chain
essentia,ESR
estatetoken,ESSENTIA
estonn-starship-alliance-token,EstateToken
eswa,Estonn Starship Alliance Token
esz-coin,ESWA
etg-finance,EthereumGoldToken
eth,TokenMintERC20Token
eth2-deposit-contract,Eth2 Deposit Contract
ethart-org,ETHITEM
ethbet-token,eBitcoinCash
ethbits-token,Set
ether-clown-token,Klondike
ether-kingdoms-token,IICToken
etherbtc-token,Set
ethercarbon,erc20ECHT
ethercare-token,LeveragedToken
etherco2,Ormeus Ecosystem
etherdiamond,EtherCare Token
etherdogetoken,Eidoo
etheremon,EmojiToken
etheremontoken,Etheremon
ethereum-blue-token,Bltvtoken.blocktv.com/en
ethereum-gold-project-token,ETG Finance
ethereum-message-search,Emirex Token
ethereum-meta,Set
ethereumbitcoin,Acash Corp
ethereumcloud,CustomToken
ethereumgoldtoken,Entherfound
ethereumlitecash,EthereumLiteCash
ethereumpower,e-Pocket
ethereumrisen,ElectricToken
ethereumrush-org,Elementh Token
etherflyer,EtherFlyer
etherisc-token,ERC20Token
etheriya-token,Etheriya Token
etherman,EnergiToken
ethernity-chain,Elrond
etheroll-token,DIA Data
ethfinex,CSP DAO
ethgas,EasyFeedback
ethgas-token,EthGas
ethitem,Maecenas
ethopt,Opus Token
ethorse-token,Halloween
ethverse,Set
ethwsscoin,ETHWSSCoin
etoken,Token
etorox,Audius
eubchainico,EthereumCloud
eucx-token,EubChainIco
euphoria,Paypolitan
eva-cash-token,EventChainToken
evcoin,Eco Value Coin
evedo-token,MyAdvancedToken
eventchaintoken,EXCELLENTVALUE
eveotoken,Evedo Token
everest-id-token,ICURYToken
evidenz,BlockCDN
eviff,EVEOToken
ewo-place,Charzin Global
excaliburcoin-token,EXCOINCASH
excellentvalue,EGORAS
exchange-payment-coin,Exenox
exchangentoken,EXMR FOUNDATION
exchangeunion,ExchangeUnion
exciting-japan-coin,eXciting Japan Coin
excoincash,EximChain
exeedme,Exeedme
exenox,EXNT
eximchain,Energy Web
exmr-foundation,EinsteinCash
exnt,ExchangeNtoken
extstock,ExtStock
exuprotocol,HumanStandardToken
exytoken,EXUProtocol
eyes-protocol,ExyToken
ezoow-token,EZToken
eztoken,Eyes Protocol
fabric-token,FlashX
facecoin,FBEE
facite,FIRST
factstoken,BKCToken
fairway,Aubit
falcon-project,FINSWAP
falconswap,1irstcoin
fanship,Fanship
fanstime,Token
fantom,FansTime
fanxtoken,EZOOW Token
faradtoken,Frax Finance
farm-defi,PEXToken
farm-partner-token,FarToken
farmatrust-token,FutouristToken
fartoken,FANXToken
faucettoken,Harvest.Finance
fbee,FightBackCoin Token
fcctoken,ERC20Token
fcttoken,FirmaChain Token
fdt-token-com,Fidelity Token
feg,Friendz Coin
fenniecoin,DeFiner
feratoken,FerretCoin
ferretcoin,Feg
ferrum-network-token,Free Coin
fesschain,FeraToken
fetch-ai,FESSChain
fetcoin,FirstEnergyToken
fidelity-token,Firdaos
fidelityhousetoken,TokenERC20
fidentiax-token,FDT-Token.com
fightbackcoin-token,FaucetToken
fiictoken,FidelityHouseToken
filmscointoken,Flixx Token
find,FinToken
finexbox-token,FNB Token
finswap,FunnelToken
fintab-token,Falcon Project
fintoken,FENNIECOIN
fiola,FortKnoxster
firdaos,FCTToken
fire-protocol,FireToken
fireants,Aragon
fireball,Fire Protocol
firelottotoken,FilmscoinToken
firetoken,FIND
firmachain-token,FreeCryptoLotto
firstblood,FirstBlood
firstenergytoken,Fetch.ai
fiscus-fyi,fiscus.fyi
five-star-coin-pro-token,FSBToken
fixedsupplytoken,Ambrosus
flaircoin,GameFlipToken
flama,HumanStandardToken
flashswap,Fusion Token
flashx,FalconSwap
fleta-token,Flowchain Foundation
flexacoin,FXBuyBack
flik-token,Fuzzy.One
flint,FLiK Token
flixx-token,FLINT
float-protocol,AbeleToken
flow-protocol,FireLottoToken
flowchain-foundation,Fiola
fluxtoken,FlairCoin
fluz,FluxToken
fmftoken,Flama
fml,FMFToken
fnb-token,ERC20Basic
fnkostoken,FunkeyCoin
fnx,FinTab Token
fnxs,FnxToken
fnxtoken,FNX
foam-token,FNXS
foodcoin-token,FOAM Token
force-dao,The Force Protocol
foresight,GastroAdvisorToken
forexcoin,SocialMoney
fortknoxster,FACITE
forwarderfactory,ForwarderFactory
foundation,Foundation
foundry,FRV
fountain,Fantom
fox-trading-token,ShapeShift
frax-finance,Freedom Reserve
free-coin,NewFreldoToken
freecryptolotto,FCCToken
freedom-reserve,FUUPAY
freetip,FarmaTrust Token
freetoolbox,Fabric Token
freight-trust-protocol,Blockium
freyrcoin,FaradToken
friendcoin007,FaceCoin
friends-with-benefits,Fuse
friendz-coin,fidentiaX Token
frontier,Ferrum Network Token
frttoken,FundFantasy Token
fructus,Fructus
frv,Frontier
fsbtoken,Foundry
ftx,FTX
ftxtoken,FreeTip
fuck-token,Futurax Token
fueltoken,FUCK Token
fujinto-token,Netkoin Token
function-x-token,FairWay
fund,FunFair Token
fundfantasy-token,FUND
fundrequest-token,Finexbox Token
funfair-token,FuelToken
funkeycoin,FundRequest Token
funneltoken,TokenERC20
furucombo,Furucombo
fuse,HumanStandardToken
fusion-token,Five Star Coin Pro Token
futouristtoken,Fountain
futurax-token,FTXToken
future-tech-insider-token,Future Tech Insider Token
futurex-crypto,Flexacoin
fuupay,FINToken
fuzzy-one,Fleta Token
fxbuyback,Function X Token
fyeth-finance,fyETH Finance
fzcoin,Futurex Crypto
g9tro,Game4Bitcoin
gabo,GoldBlock
gala,g9tro
galaxy-pool,GPN
galaxycoin,Grin Coin
gambit,GALA
game-credits,Gambit
game4bitcoin,Fzcoin
gamecity,HumanStandardToken
gamefanz,Global Funeral Care
gamefliptoken,Flow Protocol
gameico,GoldenRatio Token
gammacoin,GMB
gana-technologies,Game Credits
gaptoken,GANA Technologies
gastroadvisortoken,FOREXCOIN
gat-token,HashGardToken
gatenet,GAT Token
gather,GLOBALTRUSTFUND
gboxtoken,HelloGold
gcbn,GalaxyCoin
gcdtoken,GoldChainCoinToken
gcgtoken,gcdToken
gdct,Global Digital Content Token
geensplatformtoken,Bitgear
geeq,GeensPlatformToken
geimcoin,GammaCoin
gem-exchange-and-trading,GXC-Relay
gemini-dollar,GUS
gems-token,SoerenGelder Token
genaro-network-token,GoldeNugget Token
gene-token,DAOstack
generaltoken,HumanStandardToken
generictoken,Mothership Token
genes-chain-token,Gene Token
genesis-vision-token,GVE
geodb-blockchain,Genes Chain Token
gerc,GeoDB Blockchain
gestoken,Gerc
gettoken,GESToken
ggcoin,GramGold
ghctoken,AdvancedTokenGameHub
giftedhands,GHCToken
gifto-token,BacktoEarth
gigawatt-token,GigaWatt Token
gimmer-token,GoldminingMembers
gitcoin,Gitcoin
gladius-token,GLOSMATIN
glextoken,Gladius Token
global-crypto-alliance-token,Cai.Today
global-development-capital,Genesis Vision Token
global-digital-content-token,GlobalCoinMarket
global-funeral-care,GlobfoneCoin
global-rental-token,The Graph
globalcoinmarket,GcgToken
globalrentaltoken,GrowToken
globaltrustfund,BaseToken
globex,insChainToken
globex-token,Globex
globfonecoin,Globex Token
globitex-token,GBOXToken
glosmatin,Giftedhands
gluwa-creditcoin-vesting-token,Cryptassist
gluwacoin,KORISToken
gmb,GoWithMi
gmtoken,Gimmer Token
gnosis,MyAdvancedToken
gny-io,Genaro Network Token
goatcash,GNY.io
goeureka,GotToken
going-gems-token,Going Gems Token
gokumarketcredit,GEIMCOIN
gold-and-silver-standard,Aegis
goldblock,Token
goldchaincointoken,Token
goldenratio-token,Global Rental Token
goldenugget-token,Golem Token
goldfund-token,GameFanz
goldminingmembers,ContractDeployer
goldminttoken,MediaNetworkToken
goldpowercoin,GoldPowerCoin
golem,GLEXtoken
golem-token,Gnosis
golfcoin,Eligma Token
gomoney2,Golfcoin
gonetwork-token,GooToken
gootoken,GoMoney2
gottoken,GoNetwork Token
gourmet-galaxy,EGULD
gowithmi,ROOT
gpc,CVI Finance
gpn,GPC
gps,Galaxy Pool
gpv2settlement,GPv2Settlement
gramgold,GoldFund Token
grap-finance,Profit Chief
graph,Grap Finance
greenmedtoken,ERC20Token
greenworldproject,Global Development Capital
grid+-token,RigoBlock
grin-coin,Globitex Token
groocoin,GROWTH DeFi
growth-defi,GreenMedToken
growtoken,Groocoin
gtib,GameICO
gtr,Gifto Token
gts,GTR
gubi,MyAdvancedToken
guess,GUBI
guider,AssetgdpToken
gus,Matchpool Token
gusdt,GUSDT
gve,Gemini Dollar
gxc,GXCToken
gxc-relay,GXC
gxctoken,GreenWorldProject
gxvctoken,Gem Exchange and Trading
hacken-token,HackerGold Token
hackergold-token,EToken
hadeplatform-token,Hyper Credit Network
hakka-finance,BETHER
halloween,HORD
hardcaptoken,HardcapToken
hardcodedcrowdsale,HardcodedCrowdsale
harvest-finance,Farm Partner Token
hash-coin,TokenMintERC20Token
hashbx-token,Huobi
hashgardtoken,GAPtoken
hashnet-biteco-token,Humaniq Token
hashtrust,Hot Crypto HTX Token
havethertoken,ERC20Token
havy-token,ShardRegistry
hdctoken,HyperDao
hdttoken,HotDollarsToken
healing-plus,HeartBout
healthcaretoken,HealthCareToken
healthchainus,Helbiz Token
heart-number,LeveragedToken
heartbeat,Hybrid Bank
heartbout,Havy Token
hedgecryptotoken,HDCToken
hedger-tech-token,TokenERC20
hedget,SistContract
hedpaytoken,Hodler Mining Token
heidi,HedgeCryptoToken
helbiz-token,TokenDelegate
hellogold,Token
helper-search-token,Hash Coin
hermez-network,Token
herocoin-token,PLANETAGROToken
hex,HEX.com
hex-com,HollaEx
hexelerc20token,HexelErc20Token
hexmoney,HXY
heybitcoin,Hybrix
hgh-token,Hedget
hgstoken,HGH_Token
hi,HelloGold
hibtctoken,HI
hicky-token,Hacken Token
highvibetoken,HUBBSGOLD
hin,TokenERC20
hinto-token,HonestToken
hippo-finance,HIN
hire,Hippo Finance
hitchain-coin,Hire
hiveterminal,HighVibeToken
hkdtoken,TokenMintERC20Token
hland-finance,Hicky Token
hodlbuckscoin,TokenERC20
hodlcoin-token,1Hive
hodler-mining-token,HODLBucksCoin
hodltree,HumanStandardToken
hold-token,HODLCoin Token
hollaex,ERC20Token
holo-token,HOST
holyheld,BlackHole
homihelp,HolyHeld
homt-net,Homihelp
honesttoken,HunimalToken
hopstoken,homt.net
hoqu-token,HyperQuant Token
hord,TokenERC20
host,Ethorse Token
hostoken-token,HodlTree
hot-crypto-htx-token,Hostoken Token
hotbit-token,Huobi Token
hotc,Hydro Protocol Token
hotdollarstoken,Hedger.tech Token
hotelium,LeveragedToken
hpb-coin,HadePlatform Token
hub-token,Minter Hub
hubbsgold,HugCoin
hubdao,HealthChainUs
hubii-network-token,HEARTBEAT
hubscop,MYHUBBS
huddl-token,Hubscop
hug-oxytocin,Toast.Finance
hugcoin,SocialMoney
humaniq-token,TokenERC20
humanstandardtoken,HumanStandardToken
hunimaltoken,HashNet BitEco Token
huobi,Hubii Network Token
huobi-token,Decision Token
huptex,Hashtrust
hxro-token,Hiveterminal
hxy,Hxro Token
hybrid-bank,HeartBout
hybrix,HEXMONEY
hydradx,HydraDX
hydro-protocol-token,Holo Token
hydrotoken,HEYBITCOIN
hyper-credit-network,Healing Plus
hyperdao,HubDao
hyperion,HydroToken
hyperquant-token,HPB Coin
hypnoxys-token,Hyperion
hzmcoin,Hypnoxys Token
iatoken,Synthetix
ibp,Synthetix
ice-rock-mining-token,Ice Rock Mining Token
icedium,HumanStandardToken
icerockpay,IceRockPay
ich,Synthetix
ichi-farm,ICH
ichxtoken,Set
icnode,ICHXToken
icobaytoken,IBP
icocalendar-today,TokenERC20
icocoin,Iconic Holding
icon,ICOCalendar.Today
iconic-holding,ICONOMI Token
iconomi-token,ICNode
icostoken,ICOCoin
icss,ICOSToken
icurytoken,ICON
idea-token,Indian_Digital_Dollar
idex-membership-token,ERC20Token
idex-token,Synthetix
idextools,IDEX Membership Token
idice-token,ICEDIUM
idle-finance,IdlSwap
idlswap,IndaHashToken
idolcoin,Idle.finance
idoneus-io,IdolCoin
iect,IdexTools
ieoservices,INHERITANCEToken
iether,Synthetix
iethereum,Synthetix
ifoodtoken,Set
iftctoken,InvestFeed Token
ifx24,IFTCToken
ig-token,IFX24
igfcontract,IG Token
ihf,StandardToken
iictoken,MyAdvancedToken
imbrex-token,imbrex Token
immvrsetokencontract,mStable
imperial-tokens,Imperial Tokens
imsmart-io,Money Token
in-time-foundation,SimpleToken
inboxtoken,Insight Chain Token
inc,InboxToken
indahashtoken,IDEX Token
index-coop,Indorse Token
indexed,Cryptobucks
indian-digital-dollar,Synthetix
indicoin-token,Index Coop
indorse-token,INC
infinito-token,E-Saham Infinity
infinitus-token,ERC20Token
inflationary,Aergo
inheritancetoken,IECT
injective-protocol,IUNGO Token
inkprotocol,InkProtocol
inmediate-token,DistX
innova,ImmVRseTokenContract
innovaminex-token,Minty
innovative-bioresearch,Injective Protocol
inoovitoken,ITO Network
inschaintoken,GetToken
insight-chain-token,INNOVA
insightlab,InvoxFinanceToken
insightsnetwork3,Insolar Token
insolar-token,IntegratedMoney
instantily,Instantily
insurace-protocol,InsightsNetwork3
insurchaincoin,InsurAce Protocol
insured-finance,Infinitus Token
insurepal-token,IPChain Token
integratedmoney,Innovative Bioresearch
intelligenttradingtechnologies,IterationSyndicate
intellishare-token,Indicoin Token
internetexchangetoken,TokenERC20
internxttoken,INXToken
inventoryclub,InventoryClub
investfeed-token,ifoodToken
investors-buddy-cloud,BeeUnity
invizion,NerveDEX
invoxfinancetoken,InsurChainCoin
inxtoken,InsightLab
inzura,IYF.Finance
ionchain-token,Playgroundz Token
ioox-system,IONChain Token
iost,iOOX System
iot-chain-token,TokenERC20
iotex-network-token,Token
iown-token,CarLive Chain
ipchain-token,iOWN Token
ipsxtoken,TIMERS
ipuxtoken,IpsxToken
ipwt,IPUXtoken
iqftoken,HumanStandardToken
island-coin,Island Coin
issuesssstandardtoken,IssueSSSStandardToken
ist34token,TokenERC20
istardust,bZx SAI iToken
iterationsyndicate,Synthetix
ito-network,IntelligentTradingTechnologies
itube,IOST
iungo-token,Infinito Token
ivy,InooviToken
ivykoin-token,IVY
ixledger-token,Synthetix
ixtus-edutainment-token,IvyKoin Token
iyf-finance,Synthetix
ize-fintech,IzeToken
izetoken,ERC20Token
izx,ERC20Token
j8ttoken,IZX
jaagcoin,J8TToken
jactoken,JAAGCoin
jadecurrency-com,JACToken
japan-brand-coin,ERC20Token
jarvis,EToken
jasmycoin,CoinJanitor
javascripttoken,Jarvis
jct,Junca
jesus-coin,MineableToken
jetcoin-token,JCT
jetcoins,Jetcoin Token
jeweltoken,JUST Network
jex-com-token,JetCoins
jiaozi-farm,JEX.com Token
jibrel-network,JILT
jilt,Jiaozi.Farm
jobchain,Jibrel Network
joint-token,Jobchain
joyso,Jury.Online Token
jse-token,JavaScriptToken
jubileedollar,JasmyCoin
juiice,JSE Token
junca,Jesus Coin
jupiter,SocialMoney
juriseum,Jupiter
jury-online-token,SocialMoney
just-network,Juriseum
justliquidity,Moon Juice
k21-kanon-art,JewelToken
kaaso-token,k21.kanon.art
kakitoken,CryptoKaiju
kamari,BitKAM
kambria,KASSIAHOTELDelegator
kamera,Amplesense
kanadecoin,Kyber
kancoin,Kamari
kanva,Kora Network Token
kapa,KanCoin
kapow,KPRToken
kappi-network,KAPA
karatbank,TokenMintERC20MintableToken
kardiachain,KardiachainToken
kardiachaintoken,Kaaso Token
kassiahomedelegator,Kids Cash
kassiahoteldelegator,KASSIAHOMEDelegator
kat,Kambria
katalyo,ERC20Token
katana-finance,KAT
keacoin,HumanStandardToken
keep,KeeToken
keep-calm-and-hodl,Phantasma
keeperdao,KeeperDAO
keetoken,KEACoin
khtoken-standardtoken-u,KHToken_StandardToken_U
kickcitytoken,KuCoin
kickico,Cryptokek.com
kids-cash,SocialMoney
kimchi-finance,Kitten.Finance
kimchiswapdapp,KINGSGLOBAL
kimex-token,KMTBA
kin,Kimchi.Finance
kind-ads-token,Kin
kine-governance-token,Kind Ads Token
king-dag,KickcityToken
kingcashtoken,Keep Calm and Hodl
kingcoin,KanadeCoin
kingcuan,CrystalzToken
kingsglobal,Kush.Finance
kingstoken,Kine Governance Token
kinguinkrowns,KryllToken
kingxchain-token,KWHToken
kiptoken,KingsToken
kirobo,KIPToken
kitten-finance,KickICO
kittoken,Kirobo
kiwi-token,DexKit
klondike,KIWI Token
kmtba,Kamera
knzv,Kanva
kora-network-token,Kryptono Token
koristoken,KinguinKrowns
kprtoken,Shabu Shabu Finance
krctoken,Kapow
krgtoken,KRCToken
krios,KRGToken
kripton-token,Leopard
krylltoken,Krios
kryptono-token,KingCoin
kteth,KuaiToken
ktt,TokenERC20
kuaitoken,KimchiSwapdApp
kubera,Token
kublaicoin,KTT
kubo-coin,Kublaicoin
kucoin,KingcashToken
kuende-token,Kubo Coin
kupp,Kuende Token
kush-finance,Gluwacoin
kuverit-token,KUPP
kwatt-token,Kuverit Token
kwhtoken,KWATT Token
kyber,KIMEX Token
kyc-crypto,SpaceSwap
kylin-network,KingXChain Token
kysc,Kylin Network
la-token,LOTTO9
labs-group,LA Token
lambda,CrowdsaleToken
lambocoin,Lambda
lamdentautoken,LamdenTauToken
lasercoin,LYZEToken
latino-token,Linkart
latium,Latino Token
lattice,CoinLtt
launchpool,Luxurious Pro Network
lba-token,Unilayer
lbank,Legal Block
lbl,LBL
lbrty,Lucky Block Network Token
lcp-token,Luxbio Cell
lcx-ag,LendConnectToken
ld2zero,LD2Zero
ldgtoken,LCX AG
lead-wallet,LondonCoin
leeemalltoken,Education Ecosystem
legal-block,Lemon Bet
legendsroom,LGCY Network
lemocoin,RebalancingSetTokenV3
lemon-bet,LinkBased
lendconnecttoken,LiquorChainToken
lendingblocktoken,LinkerCoin
lendroid-support-token,libartysharetoken
lens,Aave
leocoin-token,LENS
leopard,LoveChain
level01,LivenCoin
leveragedtoken,HumanStandardToken
leverj,ALMEELA
levolution-io-token,Leverj
lexittoken,HumanStandardToken
lgame,HumanStandardToken
lgbtq-worldwide-network,LGame
lgc,LGBTQ WorldWide Network
lgcy-network,LogisticsCoin
lgo-exchange,LegendsRoom
libartysharetoken,Token
liber-forex,Libertas
libera,TokenERC20
libereum,ERC20Token
libertas,Libereum
lido,Ludena Protocol
lien-finance,Liquidity Dividends Protocol
lif-token,Lien.Finance
lifelabs-io-token,Lif Token
lightcointoken,LifeLabs.io Token
lightlemonunicorn,Linkey Token
likecoin,LightCoinToken
likercashcoin,LixToken
lina-token,Token_ERC20
linear-finance,LINA Token
linfinity,Levolution.io Token
link-platform-token,LendingBlockToken
linka-token,ChainLink
linkart,LamboCoin
linkbased,LBA Token
linkcointoken,LikerCashCoin
linkercoin,BlocklancerToken
linkey-token,LinkCoinToken
linkeyestandardtoken,LORDLESS Token
linkpool,Kripton Token
liquid,LeveragedToken
liquidity-dividends-protocol,ALL BEST ICO.com
liquidity-network,Livepeer
liquidityprotection,LiquidityProtection
liquity-lusd,Lunyr Token
liquorchaintoken,LocalCoinSwap Token
lisk-machine-learning-token,LightLemonUnicorn
litecoin,LTHToken
litecoin-sv,Lucky Seven
litecoinone,LeveragedToken
litegold,HumanStandardToken
litentry,TokenERC20
litex-token,LexitToken
lition,Litentry
lium-project-token,Lition
livebela-com,ERC20Token
livencoin,LVECoin
livepeer,LPS
livestarstoken,ERC20Token
lixtoken,LiveStarsToken
lnkotoken,Link Platform Token
lnttoken,BaseToken
lnxprotocoltoken,LNTToken
loa-protocol,LNXProtocolToken
load,LOA-Protocol
loanburst,LBRTY
localcoinswap-token,LCP_Token
lockedtoken,Ampleforth Governance
logisticscoin,LGC
londoncoin,EIP20
lookrevtoken,Set
loom-network,LookRevToken
loon-network,Loom Network
loopring,Liquidity.Network
lordless-token,LeveragedToken
lori-pro,NFTLootBox
lotoblock,CrowdsaleToken
lotto9,Lung Protocol
lovechain,Lotoblock
lps,Launchpool
lt,Litecoin_SV
lthtoken,LiteGold
lto-network-token,Litecoin
luaswap,Lattice
luatoken,Agricoin
lucky-block-network-token,LBank
lucky-seven,Lendroid Support Token
luckytoken,Play2Live Token
ludena-protocol,LydianCoin
ludostoken,LuckyToken
lukki-operating-token,Lori.Pro
lukso,LynchpinToken
lunch-money-token,Lisk Machine Learning Token
lung-protocol,Leverj
lunyr-token,Token
luxbio-cell,LoanBurst
luxurious-pro-network,LinkPool
lvecoin,Liquity LUSD
lydiancoin,LDGToken
lyfe-token,LiteX Token
lyfegold,LGO Exchange
lyfesilver,SesameChainToken
lympo-token,Lyfe Token
lynchpintoken,Lympo Token
lyzetoken,LUKSO
machix-token,MocrowCoin
macpoint,LaserCoin
mad-token,MACPoint
maecenas,ARPA
mafi-network,MAD Token
maggietoken,Mafi.Network
magnachain,MyAdvancedToken
mahadao,MaggieToken
maincontract,eToroX
mainstreettoken,Themis
maintoken,BigbomTokenExtended
maivangcity-token,MaverickChain Token
maja,STREAMIX
maker,OKEx
maker-token,MediKey
maki,MAKICOIN
makicoin,MindsyncAI Token
malltoken,MAKI
mamecoin,MallToken
mammoth-corp,TokenATIC
managerproxy,ManagerProxy
mandala-exchange,MandalaToken
mandalatoken,MDTL
mandi,Decentraland Token
mantra-dao,Olyseum
manualtoken,PESOTOKEN
marblecoin-token,Mobiicoin
marcelo,MQL
marcopolo-protocol,ERC20
marginlesstoken,Morpheus.Network Token
margix-token,MegaXToken
mariaintl-com,Datbit Token
markaccy,MKCToken
markyt,KYSC
marlin,TokenMintERC20Token
mars-blockchain-group,Mars Blockchain Group
mars-network,Benchmark
mars-poolin,pTokens
marshal-lion-group-coin,MoldCoin
martcoin,Mars Network
mask-network,MasterNet
mass-vehicle-ledger-token,Mirror Protocol
masternet,Midas Protocol Token
masterusd,mStable
masterxriba,MasterXriba
matchpool-token,Gourmet Galaxy
math-global,NFTX
matic-token,Matic Token
matrix-ai-network,Mirror Protocol
maverickchain-token,MileVerse
maximine-coin,MXC
maxtoken,RebalancingSetTokenV3
maya,MaxToken
mb,SimpleToken
mbcash,Marblecoin Token
mbitoken,MBCash
mbmtoken,FixedSupplyToken
mcap,MCToken
mcdex,MICROBYTE
mctk,MCDEX
mctoken,mStable
mdtl,DSToken
mdxt,Mandala Exchange
measurable-data,MediShares Token
medianetworktoken,MLRToken
medibit-token,Medooza.io Token
medibloc,MediBit Token
medikey,Markaccy
medishares-token,MYDAS
medooza-io-token,MDXT
megaxtoken,Mystery Ghost Token
membrana-token,MBMToken
menapay-token,MozoXToken
menlotoken,BigONE
merculet,Mass Vehicle Ledger Token
mero-currency-token,Marcelo
mesg-token,Meterqubes Token
meshbox,MESG Token
meshtoken,MeshToken
mest,BlockMesh
metadium,Metronome Token
metafactory,MetaFactory
metagraphchain,BetKingToken
metal,Monetha Token
metalblock,mStable
metamask,Metamask
metamorph,ERC20Token
metaprediction,MetaMorph
metax-io,Adshares
meterqubes-token,BaseToken
metric-exchange,MetaPrediction
metronome-token,Mest
mettalex,Metal
mfttoken,Metric Exchange
mftu-net,HexelErc20Token
mib-coin,Mirror Protocol
microbyte,MCAP
micromoney,AMLT
midas-protocol-token,Martcoin
mikadotoken,CoinMakes
milctoken,LeveragedToken
mileverse,MUXE Token
mimo-capital,PandaGoldToken
mindexcoin-token,MIB Coin
mindol-token,KYC.Crypto
minds-token,MINDOL Token
mindsyncai-token,MahaDAO
mineabletoken,JubileeDollar
minebee-token,MB
minibitcoin,Embermine Token
minimetoken,MiniMeToken
miniswap,Minds Token
mintabletoken,Token
minter-hub,Huptex
minty,Public Mint
miracleteletoken,MiracleTeleToken
mircolo,Mirror Protocol
miro-token,Mircolo
mirror-protocol,mameCoin
misbloc,MSAToken
mith-cash,Miro Token
mithril,Mychatcoin
mithril-ore-token,LeveragedToken
mixin-token,Mixin Token
mixmarvel-token,Morpheus Labs
mixtrust,MaxiMine Coin
mkctoken,MAJA
mkt,MikadoToken
mlrtoken,Enzyme Finance
mobacoin,MoonBase
mobiicoin,MobaCoin
mobilego-token,TokenFRTProxy
mobilian,Membrana Token
mobilink-token,Model-X Coin
mockdai,MockDai
mocrowcoin,MCTK
modefi,MossCoin
model-x-coin,Modum
modum,Modefi
moeda-token,MachiX Token
moldcoin,ERC20
monetha-token,ERC_20_2
money-party,Pareto Network Token
money-token,PersianImmortalsToken
monkeykingtoken,MKT
monolith,Monolith
moon-juice,Juiice
moon-yfi,MyEtherWalletDonationsToken
moonbase,Mirror Protocol
moonday-finance,MoonSwap
moonswap,LeveragedToken
moontools,Moonday.Finance
morpher,MPHToken
morpheus-labs,Mithril
morpheus-network-token,MrpToken
mosscoin,GoldmintToken
mothership-token,Mirror Protocol
motiontoken,Mettalex
motiv-protocol,Olympus Token
movementtoken,Merculet
movi-token,Twinkle
moviebloc-token,MBIToken
moviepass,MoviToken2
movitoken2,Movi Token
mozo-token,MoviePass
mozoxtoken,MOZO Token
mphtoken,MenaPay Token
mplustoken,Morpher
mpshield,MPShield
mql,Mt Pelerin Shares Token
mrptoken,Mero Currency Token
mrvtoken,MarginlessToken
msatoken,MRVToken
mstable,Imsmart.io
msvtoken,MysteriousSound
mt-pelerin-shares-token,MplusToken
mtc,Mtc Mesh Network Token
mtc-mesh-network-token,Metalblock
multisend,MultiSend
multitoken,Basis Coin
multiven,MTC
murall,PAID Network
mushroom,VeryNifty
musktoken,Mushroom
muxe-token,HumanStandardToken
mvg-network-token,MaiVangCity Token
mwat-token,MovementToken
mxc,MXC Exchange Token
mxc-exchange-token,HumanStandardToken
mxx,MixTrust
myadvancedtoken,RebalancingSetTokenV3
myanmargoldcoin,Mftu.net
mybit-token,Mxx
mychatcoin,MainstreetToken
mycoldwallet,Dragonfly Protocol
mydas,DMM
myerc20,FireAnts
myetherwalletdonationstoken,MyBit Token
myhubbs,Hub Token
mysterioussound,GenericToken
mystery-ghost-token,Mirror Protocol
mytoken,Bomb
mywishtoken,MyWishToken
n3rd-finance,Moon YFI
nami-token,N3rd Finance
namtancoin,BigKeyCoin
namtantoken,NAMTANCOIN
nanjcoin,NamTanToken
naos-finance,NANJCOIN
nash-exchange,NewOS Token
natcoin,Nsure.network
natmin-token,TokenNAT
navitoken,Natmin Token
ncovtoken,Nuco Cloud
ndex-token,NDN Link
ndio,Neverdie Token
ndn-link,NDIO
nebula-ai-token,NuclearBomb
nebulas-token,NAOS Finance
needscoin,Nucleus Vision Token
neeo-token,BaseToken
neeva,Token
neoether,NEEO Token
nervedex,NovaToken
nest-protocol,NeoEther
netkoin-token,Neuro Token
networktokenpayment,Fujinto Token
neufund-token,Nimiq Token
neuro-token,NTerprise
neurochainclausius,NeedsCoin
neutral-dollar,TokenMintERC20MintableToken
neutrino,Neutrino
neverdie-token,Polyswarm
newbium,Neufund Token
newfreldotoken,FreyrCoin
newos-token,Newbium
newsolution,Nitro Token
nexe,nexeumprotocol
nexeumprotocol,Nash Exchange
nexium-token,NixmaCoin
nexo-token,NEXE
nexttoken,Nexo Token
nexus-mutual,XCTToken
nexxo,NEXTToken
nexxus-coin,Nexus Mutual
nexytoken,Nexxus Coin
nexyzero,NexyToken
nft,NoFakeCoin
nftify,NFTify
nftlootbox,Loon Network
nftx,Mask Network
nfxcoin,TokenMintERC20Token
nfy-finance,NFXCoin
nht,NHT
niftybuilderinstance,NiftyBuilderInstance
niftygotchi,NiFTygotchi
niftyx-protocol,Niftyx Protocol
nimiq-token,NEST Protocol
niobium-token,Nebula AI Token
nitro-token,Wrapped1155
nitroplatformtoken,TokenMintERC20Token
niuminingcoin,Token
nixma,Etheroll Token
nixmacoin,Invizion
nkcl,Japan Brand Coin
nkntoken,NKCL
noahcoin,Numeraire Token
nofakecoin,Nexxo
noia-token-old,Syntropy
noiatoken,TokenMintERC20Token
noizchain-token,NOIA Token Old
noodle-finance,NOIZchain Token
novatoken,Neeva
nsure-network,NewSolution
nterprise,Natcoin
ntstoken,Augur
nuclearbomb,BoatPilot
nuclearcoin-token,AdvancedToken
nucleus-vision-token,NuclearCoin Token
nuco-cloud,NeuroChainClausius
nucypher,Token
nuggets-token,NuCypher
nuke,NUKlear
nuklear,Nuggets Token
nulink,NKNToken
nuls,Nuke
numeraire-token,BaseToken
nyan-finance,NexyZero
oaktoken,HumanStandardToken
oaschain,Open Alexa Protocol
oath-protocol-token,OASChain
obsr,OneBitEarn
obtc-token,OBSR
ocg,OBTC Token
octofi,oToken
oddz-finance,TokenMintERC20Token
odem-token,Oddz Finance
odintoken,One DEX Token
odyssey-token,OCG
oen,OdinToken
offshift,Offshift
ofin,OmixToken
og-token,Orient Project
ogodstoken,Origo Token
ohni,OGODSToken
oikos,Ohni
oiler-network,PETROLEUM
oin-finance,Oiler Network
okex,Online.io Token
old-diagon-coin,DigiMax
old-sparkster-token,Old Sparkster Token
olive-token,Maker
olympus-token,SocialMoney
olyseum,OneledgerToken
om-lira,OMG Network
omega-protocol,OPCToken
omg-network,OrmeCash
omixtoken,OmnesToken
omnestoken,OM Lira
on-live-token,ONBUFF Project
onbuff-project,OnigirSwap
one-cash,Ofin
one-dex-token,ODEM Token
onebitearn,OpenANX Token
oneledgertoken,Olive Token
oneroot,OneRoot
oneswap,Token
onigirswap,SoMee
onlexpa,On.Live Token
online-io-token,Oin.Finance
onlineexpotoken,Exchange Payment Coin
onlychain-token,onLEXpa
ontime,OpenTradingNetworkToken
onx-finance,One Cash
onyx,Asset
onyx-to,Ontime
opacity,Opennity Token
opctoken,OptaToken
open-alexa-protocol,OAKToken
open-predict,Opacity
openalexa-io,OpenAlexa.io
openanx-token,Oath Protocol Token
opendefi-by-oropocket,Orion Protocol
opennity-token,Omega Protocol
opensea,OpenSea
opentradingnetworktoken,OTCBTC
opiria,Ǒmega Protocol
optatoken,OnX Finance
opti-token,OpticalNetwork
opticalnetwork,Ethopt
optionroom,OptionRoom
opus-token,Open Predict
oraichain,ORDER
oratium-token,ORSToken
orb-bz,OraiChain
orbicular,Orb.bz
orbit-chain,OrcToken
orbs-token,ERC20Token
orca,Orbit Chain
orchid,OxfinaToken
orctoken,Orbs Token
order,Opti Token
ordocoin-token,OrdoCoin Token
orient-project,TokenMintERC20Token
origamitoken,ORCA
origin,FixedSupplyToken
origin-dollar,Onyx
originsporttoken,Cointorox Token
origo-token,Origin
orion-protocol,Ormeus
oriumcoin,OrigamiToken
ormecash,MANTRA DAO
ormeus,ORIUMCOIN
ormeus-ecosystem,EtherCarbon
orstoken,OriginSportToken
osmotictoken,OSMOTICTOKEN
otcbtc,Simple Token
otoken,Odyssey Token
ovcode-token,Origin Dollar
overline-emblem,Eminer Token
ovotoken,OVCode Token
ovr,OVOToken
own,Token
owndata-token,Gnosis
owpay,OVR
owtoken,ERC20Token
oxfinatoken,owToken
oyster-pearl-token,Oyster Pearl Token
oystershell,OysterShell
p-network,Pinakion Token
p2ps,Cryptoxygen.io
paa,P2PS
pahoo,PAA
paid-network,PChain Token
pajama-finance,Pixie Dust
palaceresidence-token,PalaceResidence Token
pamptoken,MurAll
pandagoldtoken,Panvala
pantheon-x-token,PANTHEON X Token
pantos,ERC20StandardToken
panvala,Pantos
parachute,Mimo Capital
paragoncoin-token,ProofToken
parallelnetwork,DAOPlayMarketToken
paraswap-p4,ParaSwap P4
paraswap-v1,ParaSwap V1
paraswap-v2,ParaSwap V2
paraswap-v3,ParaSwap V3
pareto-network-token,Parachute
parrotcoin,ParrotCoin
parsiq,PARSIQ
parsiqboost,ParsiqBoost
partnertoken,PolkaRARE
passport-finance,WisePass Token
patexshares,PATRIOT
path,TokenERC20
patientory-token,Patientory Token
patriot,PATH
pattoken,PATToken
paulsportscoin,PaulSportsCoin
pawtocol-network,Pawtocol Network
paxos-gold,Curve.fi
paxos-standard-token,PatexShares
payfair,Pofid Dao
paymon-token,Perth Mint Gold Token
payperex,Paxos Standard Token
paypie-token,PiedPiperNetwork
paypite,PolkaInsure
paypolitan,ERC20
payship,Payship
payusd,PayUSD
pccsstandardtoken,Pcore Token
pchain-token,pahoo
pco-token,Precium Token
pcore-token,PromotionCoin
pdxtoken,MainToken
peakdefi,PdxToken
peaktoken,PEAKDEFI
peculium,Asset
peerex-network,Perpetual Protocol
peet-defi,Peet DeFi
pegasus,Pyrrhos Gold
pegnettoken,PegnetToken
peoplewave-token,PeopleWave Token
pepemon,Plasma
peratoken,Token
percent-finance,Plumecoin
perceptform,PerkscoinToken
perkscointoken,Percent.Finance
perlin,PeraToken
perlinx,PerlinX
perpetual-protocol,PerlinX
persianimmortalstoken,Ether Kingdoms Token
persiantokenico,PersianTokenICO
perth-mint-gold-token,PMD
pesotoken,PeerEx_Network
petcoin,Pethereum Token
pethereum-token,ManualToken
petroleum,OIKOS
pettokensupply,PetTokenSupply
pextoken,BrofistCoin
pgf500token,PayFair
phala-network,Polyient Games
phantasma,TokenERC20
phillionex,PhiToken
phitoken,Phala Network
phoenixdao,Phillionex
phoneum,PhoenixDAO
pickle-finance,cVault Finance
picktoken,Atomic Wallet
piction-token,Piction Token
piedao,Blockchain Poland
piedpipercoin,Pepemon
piedpipernetwork,Qripplex
piexgo-token,PIEXGO Token
pigxtoken,Phoneum
pilnette,Pilnette
pinakion-token,PARALLELNETWORK
piplcoin,PigxToken
pipschain-token,PiplCoin
pitchtoken,PITSTOP
piti,PitchToken
pitiscoin-token,PitisCoin Token
pitstop,Paypite
pivot-token,Pivot Token
pixby-token,PIXToken
pixie-dust,PIXBY Token
pixiecoin,PixieCoin
pixtoken,Piti
pkg-token,Pajama Finance
plaas-farmers-token,PlayChip
planemoxchangeutility,PlanemoXchangeUtility
planet-project-token,PlaykeyToken
planetagrotoken,Plaas Farmers Token
plasma,ERC20
play2live-token,LuaSwap
playchip,PlayTSmartVideoToken
playcoin,PlexCoin
playfuel-token,PurelandToken
playgame-token,PlayGame Token
playgroundz-token,InternxtToken
playkeytoken,ERC20
playtsmartvideotoken,Planet Project Token
plexcoin,PlutoCoin
plumecoin,PCO Token
pluscoin,Polybius Token
plutocoin,Pluton Token
pluton-token,PlayFuel Token
pmd,PrimebankCoin
pnttoken,p.Network
po-et-token,POCCToken
poa-network,PNTToken
pocctoken,POCToken
poctoken,POA Network
pofid-dao,PrimeFinance
point,Crypto.com Chain
pointpay,PointPay
pokersportstoken,PokerSportsToken
polar-berry,RentalProcessorToken
polctoken,TokenFactory
polispay,POLCToken
polkacover,COVIR
polkainsure,PowerIndex
polkamon,Paymon Token
polkarare,Populous Token
polkastarter,ClearPollToken
polyai,AHTToken
polybius-token,Herocoin Token
polygon-(matic),Polygon (Matic)
polyient-games,Pegasus
polymath-token,Polkastarter
polypux,PolypuX
polyswarm,TokenMintERC20Token
pomacoin,Polymath Token
pooled-ether,PetCoin
popchain-cash-token,PCCSStandardToken
popcorn,Pickle.Finance
populous,Populous
populous-token,PayPie Token
porkchop-network,1inch Network
porn-token,Porn Token
porntokenv2,PornTokenV2
port-of-defi-network,Banco de Ideias
poseidon,Poseidon
potatoin,Po.et Token
powerindex,PowerPool.Finance
powerledgertoken,UniPower
powerlight,Powerlight
powerpool-finance,CvnToken
ppctoken,Pepemon
pproxypausable,PProxyPausable
prasmtoken,PRASMToken
preboutoken,BouleToken
precatoken,CATCOIN
precium-token,Peculium
predictz,Predix Network
predix-network,PartnerToken
presalepool,PreSalePool
presearch,Predictz
pressonetoken,PressOneToken
pria,ParagonCoin Token
primas,Primas
primastoken,PrimasToken
primebankcoin,PumaPay Token
primedao,PrimeDAO
primefinance,Token
printer-finance,Printer.Finance
privatix-token,Privatix Token
prob,PROB
prochain-token,ProChain Token
profit-chief,GPS
project-inverse,Project Inverse
project-tradex,Project Tradex
projectwith-token,ProjectWITH Token
prometeus-network-token,Prometeus Network Token
promotioncoin,Mars Poolin
proncoin,PronCoin
prooftoken,Presearch
prophet-finance,Prophet Finance
props-project,Props Project
propy-token,Propy Token
proschool,ProSchool
prospectors-gold-token,PGF500Token
prosper,Prosper
prosperatoken,ProsperaToken
prosperiproptoken,ProsperipropToken
proteania,Proteania
proton-chain,Proton Chain
provetoken,ProveToken
provoco-token,Provoco Token
proxeus-token,Proxeus Token
proxy,Proxy
pskerc20,PskERC20
psyche,Psyche
ptokens,TenX Token
ptokens-tlos,pTokens TLOS
public-mint,Miniswap
pukao,PKG Token
pulltherug-finance,Pulltherug.Finance
pumapay-token,PlayCoin
punchtoken,PunchToken
pundi-x,Pundi X
punt,PUNT
pure,PURE
purelandtoken,PlusCoin
purpose,Purpose
pvbtoken,PVBToken
pwmc,PWMC
pxlproperty,PXLProperty
pylon-finance,Pylon.Finance
pyrrhos-gold,Prospectors Gold Token
q-dao-governance-token-v1-0,Q DAO Governance Token v1.0
qash-token,QASH Token
qbittoken,QBITToken
qchain,EmphyCoin
qchi-chain,QChi Chain
qchi-token,QChi Token
qcsstoken,QCSSToken
qdao,Cofinex
qdefi,QDeFi
qiibee-token,qiibee Token
qitcoin,Qitcoin
qostoken,QOSToken
qqbc,QQBC
qqq,QQQ
qrg,QRG
qripplex,PiedPiperCoin
qtb,QTB
qtchain,QTChain
qtcon-token,Qtcon Token
qtoken,QToken
qtum-token,Qtum Token
quadrant-protocol,Equus Protocol
quai-dao,QUAI DAO
quant,Quant
quanta-token,Quanta Token
quantstamp,Quantstamp
quantum,Quantum
quantum-resistant-ledger-token,Quantum Resistant Ledger Token
quarkchain-token,QuarkChain Token
qubetoken,QUBEToken
queennyomitoken,Token
quickx-protocol-token,QuickX Protocol Token
quiverx,QuiverX
quras,Quras
r2xtoken,R2Xtoken
radicle,Radicle
radix,OnlineExpoToken
rae-token,RAE Token
raiden-token,Raiden Token
rainbow,Rainbow
rainnetwork,RainNetwork
raisetoken,RaiseToken
rake-finance,Rake Finance
rakun,Rakun
ramp-defi,Ramp Defi
raotoken,RAOToken
rari-capital,Rari Capital
rarible,Rarible
raritoken,RariToken
rasputin-token,Rasputin Token
raxtoken,RAXToken
rayax,RAYAX
raze-network,Raze Network
razor-network,Razor Network
raztoken,RAZToken
rbase-finance,Rbase Finance
rchain-token,RChain Token
rdt-venture,RDT Venture
real,REAL
real-coin,Real Coin
realassettoken,RealAssetToken
realistotoken,RealistoToken
realtract-token,RealTract Token
reapchain,ReapChain
rebalancingsettoken,dogdata.io
rebalancingsettokenv3,RebalancingSetTokenV3
rebellious-token,Rebellious Token
red-box-dapp,Red Box Dapp
redfox-labs,RedFox Labs
redtoken,REDToken
reef-finance,Reef Finance
ref-token,Ref Token
refereum,Refereum
refine-medium-token,Refine Medium Token
reflect-finance,Reflect.Finance
reflector-finance,Reflector Finance
reflex,Reflex
reflexer,Fluz
refork,ethereumrush.org
refraction,Refraction
reibexcoin,ReibexCoin
reitoken,REIToken
relevant,Relevant
remme,Remme
rendertoken,RenderToken
rendezvous,Rendezvous
rentalprocessortoken,Brainmab
rentledger-token,Rentledger Token
reserve,Reserve
reserve-rights-token,Reserve Rights Token
resfinex-exchange-token,Resfinex Exchange Token
reshtoken,RESHToken
revain,Revain
rftoken,RFToken
rglstoken,RGLSToken
rhea,Rhea
rialto-token,Rialto Token
rigoblock,Graph
ring-x-platform,Ring X Platform
rio-defi,Rio DeFi
riptidecoin,RiptideCoin
risksharingtoken,RiskSharingToken
rivettoken,RivetToken
rizen-coin,Rizen Coin
rkn,Rkn
rmpl,RMPL
rntbtoken,RNTBToken
robet-token,RoBET Token
robot-trading-token,Robot Trading Token
rock,Rock
rocki,Rocki
rogancoin,ROGANCOIN
rolctoken,ROLCToken
romtoken,ROMToken
roncoin,RonCoin
roobee-token,ROOBEE Token
roonextoken,RoonexToken
root,Golem
rootchainproxy,RootChainProxy
rootkit-finance,RootKit Finance
roth,ROTH
rotharium,Rotharium
rotten-swap,Rotten Swap
royalkingdomcoin,RoyalKingdomCoin
royaltycoin,RoyaltyCOIN
rtc,RTC
rtetoken,RTEToken
rtk,RTK
rubic,Rubic
rufftoken,RuffToken
ruletka,Ruletka
runetoken,RUNEToken
rupiah,Idoneus.io
rusgas-token,RusGas Token
rws,RWS
s-finance,S.Finance
safari,SAFARI
saffron,Saffron
saifutoken,SaifuToken
salpay,SalPay
salt-token,Salt Token
sampletoken,SampleToken
sandcoin,SandCoin
santa-token,Santa Token
santiment-token,Santiment Token
sapien-network-token,Sapien Network Token
sashimi-swap,Sashimi Swap
satopay,Satopay
satoshivisioncoin,Satoshivisioncoin
satowallet-shares,Satowallet Shares
sattoken,SATToken
saturn-dao,Saturn DAO
sbank,SBank
sbc,SBC
sbtc,sBTC
scaltinof,Scaltinof
scanetchain-token,Scanetchain Token
scatter-cx,Scatter.cx
schainwallet,SChainWallet
sci-finance,SCI Finance
scn,SCN
scoin,SCOIN
scudocash,ScudoCash
sdcoin,Sdcoin
se,SE
sea,SEA
sealblock-token,SealBlock Token
secretsofzurichtoken,SecretsOfZurichToken
sedopowtoken,SedoPoWToken
seedoflove,Seedoflove
selenium,Selenium
self-token,SELF Token
selfieyogold,SelfieYoGold
selflleryslytoken,SelfllerySLYToken
senderontoken,SenderonToken
sensitrust,Sensitrust
sensorium,Sensorium
sentinel-token,Sentinel Token
sentinelchain,SentinelChain
sentivate-token,Sentivate Token
sesamechaintoken,Loopring
set,ASCCToken
sether-token,Sether Token
sexy-token,SEXY Token
sf-capital-token,SF Capital Token
sft,SFT
sgpay-token,SGPay Token
sgtcoin,SGTCoin
sgtoken,SGToken
shabu-shabu-finance,KNZV
shahin,Shahin
shapeshift,4thTech
shard-coin,Shard Coin
sharder-token,Sharder Token
shardregistry,ALL BEST ICO.com
shardus,Shardus
sharering,ShareRing
shareschaintoken,SharesChainToken
sharetoken,ShareToken
sharev2,Basis Cash
sharex-token,ShareX Token
sharkcointoken,SharkCoinToken
sharpay-token,Sharpay Token
sharpeplatformtoken,SharpePlatformToken
shiba-inu,Shiba Inu
shinechain-token,ShineChain Token
shipchain,ShipChain
shitcoin,Shitcoin
shopereumtoken,ShopereumToken
shopping-io,Shopping.io
shrimp-finance,Shrimp.Finance
shuffle-monster-token,Shuffle Monster Token
shyft-network,Shyft Network
si14-bet,Si14 BET
sibu,SIBU
sift-token,SIFT Token
signalstoken,SignalsToken
signata,Signata
sigtoken,SigToken
sikobapresale,SikobaPreSale
sikobatoken,SikobaToken
silentnotarytoken,SilentNotaryToken
silverstone,SilverStone
simba,Simba
simiantoken,SimianToken
simmitri-token,Simmitri Token
simple-token,Onyx
simpleerc20,SimpleERC20
simpletoken,Bazt
simplybrand-token,simplyBrand Token
sinelock,Sinelock
sinergia,SINERGIA
singulardtv-token,SingularDTV Token
singulardtvtoken,SingularDTVToken
singularitynet,AGBC
siren,Siren
siriusx,SiriusX
sistcontract,Hermez Network
sixdomainasset,SixDomainAsset
skale-network,Skale Network
skbtoken,SKBToken
skeincoin-token,Skeincoin Token
skeyercoin,SkeyerCoin
skillchain,Skillchain
skillcoin-token,Skillcoin Token
skinchain,SkinChain
skincoin-token,SkinCoin Token
skraps,Skraps
skrillatoken,SkrillaToken
skrumbletoken,SkrumbleToken
skychain-global-token,Skychain Global Token
skyftoken,SKYFToken
skymaptoken,SkymapToken
slottoken,SlotToken
small-love-potion,Small Love Potion
smartbillions-token,SmartBillions Token
smartchain,SmartChain
smartideatokenerc20,SmartIdeaTokenERC20
smartkey,SmartKey
smartmesh,SmartMesh
smartrhino,SmartRhino
smartsharestandardtoken,SmartshareStandardToken
smartztoken,Ethverse
smebankingplatformtoken,SMEBankingPlatformToken
smol-finance,Smol.Finance
smooth-love-potion,Smooth Love Potion
smscoin,SMSCoin
smt,SMT
snap,SNAP
snapparazzi-token,Snapparazzi Token
snetwork,Snetwork
snipcoin,SnipCoin
soar-labs-token,Soar Labs Token
social-activity-token,Social Activity Token
social-rocket,Social Rocket
social-finance,Social.Finance
sociall-token,Sociall Token
socialmediamarkettoken,SocialMediaMarketToken
socialmoney,ChartEx
socket-finance,Socket.Finance
soerengelder-token,Geeq
soft-yearn,Soft Yearn
softlink,SoftLink
sogtandardtoken,SogtandardToken
sogur,Sogur
sola-token,Sola Token
solana,Solana
solar-dao-token,Solar DAO Token
solomon-defi,Solomon Defi
soma-token,Soma Token
somee,ShardRegistry
soniq-token,SONIQ Token
sopay-token,SoPay Token
sophiatx-token,SophiaTX Token
sora,Sora
sovtoken,SovToken
spacecoin,SpaceCoin
spaceiztoken,SpaceiZToken
spaceswap,Token
spaghetti-money,Passport.Finance
spaikcoin,SpaikCoin
spankchain-token,SpankChain Token
sparc-token,SPARC Token
sparkle-loyalty,Sparkle Loyalty
spectre-ai,Spectre.ai
spectrumnetwork-token,SpectrumNetwork Token
speedcash,SpeedCash
speedkingtoken,SpeedKingToken
spendcoin-token,Spendcoin Token
sperax,Sperax
sphere-identity-token,Sphere Identity Token
spheroidtoken,SpheroidToken
spice-vc-token,SPiCE VC Token
spiderdao,SpiderDAO
spikecorev2,SPIKECOREv2
spiking,Spiking
spin-protocol-token,SPIN Protocol Token
spindle-token,Spindle Token
spirit,SPIRIT
spore-finance,Spore Finance
sportifytoken,SportifyToken
sports-and-leisure-token,Sports And Leisure Token
sportsbettingmarketplace,SportsBettingMarketplace
sportx,SportX
spxtoken,SPXToken
squirrel-finance,HumanStandardToken
src20,In Time Foundation
sss-finance,SSS.Finance
stablecoin,StableCoin
stabledex-token,stableDEX Token
stableusd,StableUSD
stacktical,Dynamic Set Dollar
stakd-tech-token,STAKD Tech Token
stake-dao,Stake DAO
stakedzen,stakedZEN
stakehound,StakeHound
staker,Staker
staker-token,Staker Token
stakingrewards,StakingRewards
stand-cash,Stand Cash
standardtoken,BTL
starbase-token,Starbase Token
starcreditstoken,StarCreditsToken
stark-chain,Stark Chain
startercoin,StarterCoin
stashpay-token,Stashpay Token
stasis,CustomToken
statera,Statera
status,Status
status-network-token,Status Network Token
stb,STB
stealthswap,OWpay
sterniumhugeelligencecoin,STERNIUMHUGEELLIGENCECOIN
stish-token,Stish Token
stk-token,STK Token
stkr,Inflationary
stobox,Stobox
storex-token,Storex Token
storichain-token,Storichain Token
storj-token,Storj Token
storm-token,Storm Token
stox-token,Stox Token
stp-network-token,STP Network Token
stpctoken,STPCToken
stqtoken,STQToken
strain,Strain
strategyconvexironbank,StrategyConvexIronBank
stream-protocol,Stream Protocol
streamix,MixMarvel Token
streamr-token,Datum
strikecoin,StrikeCoin
striketoken,Defito Finance
strong-block,Strong Block
stronghold,StrongHold
substratum-token,Substratum Token
sudangoldcoin,SudanGoldCoin
sugartoken,SugarToken
summitcoin,summitcoin
sun-money-token,Sun Money Token
suncontract-token,SunContract Token
sup8eme,Sup8eme
supercoin,SuperCoin
supercoinviewtoken,SuperCoinViewToken
superfarm,SuperFarm
superkeeptoken,SuperKeepTOKEN
superskynet,SuperSkyNet
sushibar,SushiBar
sushiswap,SushiSwap
svd-token,SVD Token
svtchain,SVTChain
swag-finance,Swag Finance
swapcoinz,Swapcoinz
swapfolio,Swapfolio
swapproxy,SwapProxy
swapship,Liquid
swapzilla,SwapZilla
swarm-fund,Swarm Fund
swarm-fund-token,Swarm Fund Token
swarmcity-token,SwarmCity Token
swerve-fi,Swerve.fi
swft-coin,Swft Coin
swipetoken,SwipeToken
swirge-pay,Swirge Pay
swissborgtoken,Token
swrm-labs,SWRM Labs
swtcoin-token,SWTCoin Token
swyft-network,Swyft Network
swytch-energy-token,Swytch Energy Token
sylotoken,SyloToken
symverse,SymVerse
synapsetoken,SynapseToken
sync-network,Sync Network
synchrobit-token,SynchroBit Token
synchrocoin,SynchroCoin
syndicate,Syndicate
synlev,SynLev
synthetictoken,AlphacoinCoin
synthetix,HZMCOIN
syntropy,NOIATOKEN
syscoin,Syscoin
taas-token,TAAS Token
taconomics,Taconomics
taeltech,Taeltech
taklimakan-token,Taklimakan Token
talao-token,Talao Token
tamy,Tamy
tangguotaotoken,TangguoTaoToken
tantan,TANTAN
tap-global-token,Tap.Global Token
tatatu,TaTaTu
taur,TAUR
tbtc,tBTC
tcbcoin,Tcbcoin
tchain-token,Tchain Token
tcnxtoken,TCNXToken
tdctoken,TDCToken
teachercoin,TeacherCoin
team,Team
teamtoken,TeamToken
teccoin,Teccoin
tedtoken,TEDToken
teen-coin,Teen Coin
tefood,TeFood
telcoin,Telcoin
teleporttoken,TeleportToken
telex-token,Telex Token
tellor,Tellor
tellor-tributes,Tellor Tributes
tembocoin,TemboCoin
tena,TENA
tendies,GABO
tendtokenvested,TendTokenVested
tentoken,TenToken
tenx-token,HumanStandardToken
tenxtoken,TENXToken
tepleton-token,Tepleton Token
terasu,TERASU
terra,Terra
teslawatt,TeslaWatt
tesra-ai-supernet-token,Tesra AI Supernet Token
tether,Tether
tether-eur,Stasis
teu-token,Teu Token
the-cat,BitClave
the-famous,The Famous
the-force-protocol,FoodCoin Token
the-graph,GlobalRentalToken
the-mart-token,The Mart Token
the-sandbox-token,The Sandbox Token
thecash,THECASH
thecryptotech,TheCryptoTech
thecurrencyanalytics-token,TheCurrencyAnalytics Token
thedao-token,Antares
thederbyproject,TheDerbyProject
thehashspeed,TheHashSpeed
themine-me,TheMine.me
themis,MITH Cash
themistoken,ThemisToken
thesmp,THESMP
thetoken,THETOKEN
thingschain-token,Thingschain Token
thinkcoin,ThinkCoin
thirm,thirm
thorchain,THORCHAIN
thorecash-token,ThoreCash Token
thorecoin,ThoreCoin
thorium,Thorium
thorncoin,ThornCoin
thrivetoken,ThriveToken
thunderboltcoin,ThunderBoltCoin
thunderstonetoken,ThunderStoneToken
thx!-token,Thx! Token
ticoex,TICOEX
ticoex-token,TICOEX Token
tidal-finance,Tidal Finance
tientoken,TiENToken
tierion-network-token,Tierion Network Token
tietoken,TieToken
tigercash-token,TigerCash Token
tigereum,Tigereum
tigereum-token,Tigereum Token
tiletoken,TileToken
tilwiki,Tilwiki
time-miner,Time Miner
time-token,Time Token
timers,InsurePal Token
tixl,Tixl
tkotoken,TkoToken
tkrtoken,TKRToken
tmc-contract,TMC_Contract
tmedtoken,TMEDToken
tmh,TMH
tnos-coin,TNOS COIN
tnpc,TNPC
toast-finance,Hotc
tokamak-network,Tokamak Network
token,ADDC
token-erc20,LikeCoin
token-offering-platform,Token Offering Platform
tokenatic,Token
tokenbbbasic,BOBToken
tokenbox-token,Tokenbox Token
tokenclub-token,TokenClub Token
tokendelegate,HashBX Token
tokendemo,AdBank
tokendesktoken,TokenDeskToken
tokenerc20,TokenERC20
tokenfactory,Potatoin
tokenfrtproxy,MagnaChain
tokenizexchange-token,TokenizeXchange Token
tokenlockup,TokenLockUp
tokenlon,BlockonomiToken
tokenminterc20mintabletoken,BimCoinToken
tokenminterc20token,TokenMintERC20Token
tokennat,Nebulas Token
tokenofresource,TokenOfResource
tokenrdc,TokenRDC
tokenseos,TokenSEOS
tokensofbabel,TokensOfBabel
tokiocoin,TOKIOCoin
tokoin,Tokoin
tokpie-token,Tokpie Token
toktoken,TokToken
tolartoken,TolarToken
tombcaretoken,Cardstack
tomocoin,TomoCoin
ton-community,TON Community
toolschain,ToolsChain
toortoken,ToorToken
top-network-token,TOP Network Token
topbtc-token,TopBTC Token
topchaincoin,TopChainCoin
topcoinfx-token,TopCoinFX Token
torextoken,TorexToken
tornado-finance,Tornado Finance
tornado-cash,Tornado.Cash
tortoken,TORToken
torum,Torum
toshify-finance,Toshify.Finance
touch-social,Touch Social
touchcon,TouchCon
tourcom,TOURCOM
tracto-token,Tracto Token
tradcoin,TradCoin
trade-io,Trade.io
tradekax,Tradekax
tradercash,TraderCash
traderstoken,TradersToken
tradez,Tradez
traktoken,TrakToken
tranium,Tranium
transcodium,Transcodium
transferablemeetuptoken,TransferableMeetupToken
transfereuim,Transfereuim
transparentupgradeableproxy,TransparentUpgradeableProxy
tratok,Tratok
traxia,Traxia
treasurefinancialcoin,TreasureFinancialCoin
trebitnetwork,TrebitNetwork
treecle,Treecle
treelion,Treelion
trendering,Trendering
trent,Trent
tret,TRET
tri,TRI
trias-token,Trias Token
tribute,Tribute
trident-group-token,Trident Group Token
trilliontoken,TrillionToken
trinity-protocol,Trinity Protocol
tripiotoken,TripioToken
tronclassic-token,TronClassic Token
truample,Truample
true-dollar-finance,True Dollar Finance
trueaud,TrueAUD
truecad,TrueCAD
truecoin,TRUECOIN
truefeedback-token,TrueFeedBack Token
trueflip-token,TrueFlip Token
truegbp,TrueGBP
truehkd,TrueHKD
trumpbux,TrumpBux
trust-coin,Trust Coin
trustinvest,TrustInvest
trustlines-network,Trustlines Network
trustshoretoken,TrustShoreToken
trusttoken,TrustToken
tryltoken,TRYLToken
tsttoken,TSTToken
ttc-protocol-token,TTC Protocol Token
ttcblocks,TTCBlocks
ttm,TTM
tv-two,TV-TWO
twdttoken,TWDTToken
tweebaa,Tweebaa
twinkle,Motiv Protocol
txttoken,TXTToken
typerium-token,Typerium Token
ubcoin-token,UBCoin Token
ubex-token,UBEX Token
ubitcash,UbitCash
ubricoin-token,Ubricoin Token
ufragments,UFragments
ugchain-token,UGChain Token
ulgen-hash-power,Ulgen Hash Power
ultiledger-token,Ultiledger Token
ultra,Ultra
ultrain-gas-token,Ultrain Gas Token
ultralpha-token,UltrAlpha Token
ulu-finance,ULU.Finance
uma,UMA
umbrella-network,Umbrella Network
umbrellacoin-token,UmbrellaCoin Token
umbriatoken,UmbriaToken
umkatoken,UmkaToken
unagii-com,unagii.com
unbelievabletoken,UnbelievableToken
undtoken,UNDToken
uni-coin,UNI Coin
unibomb,UniBomb
unibright,Unibright
unicrypt,UniCrypt
unidexbot,Unidexbot
unidollar,UniDollar
unification,Unification
unifihub,Unifihub
unikoingold-token,UnikoinGold Token
unilayer,Latium
unilend,UniLend
unimex,UniMex
unimonitor,UniMonitor
union-fair-coin,Union Fair Coin
union-protocol,Union Protocol
uniondaodollartoken,UniondaoDollarToken
unipot-treasury,Unipot Treasury
unipower,Marlin
unipump,Unipump
unique,Unique
unisocks,Unisocks
uniswap-v2,Uniswap V2
uniswap-v3,Uniswap V3
uniswapanchoredview,UniswapAnchoredView
uniswaprepayadapter,UniswapRepayAdapter
uniswapv2-zapin-general-v5,UniswapV2_ZapIn_General_V5
unit-protocol,ShardRegistry
united-bull-traders,United Bull Traders
united-traders-token,United Traders Token
unitopia,UniTopia
unitrade-app,UniTrade.app
unitydao,UnityDao
unityingottoken,UnityIngotToken
universa-token,Universa Token
universal-marketing-company,Universal Marketing Company
universal-protocol,Universal Protocol
universeshieldtoken,UniverseShieldToken
unlimitediptoken,UnlimitedIPToken
unochain,UnoChain
uostoken,UOSToken
upbots,UpBots
upc,UPC
upfiring-token,Upfiring Token
upperdollar,Tether EUR
uppsala-token,Uppsala Token
uptrennd-token,Uptrennd Token
upx-token,UPX Token
uquid,Uquid
uquidcoin,UquidCoin
uranus,Uranus
urbittoken,UrbitToken
usd-coin,USD Coin
usdq-stablecoin,USDQ Stablecoin
usechain-token,UseChain Token
usharesubets,USharesUbets
ust-token,UST Token
utopia-genesis,Utopia Genesis
utrust,UTRUST
utu-protocol,UTU Protocol
value-defi-protocol,Value DeFi Protocol
value-liquid,Value Liquid
value-network,Value Network
vault-guardian-token,Vault Guardian Token
vcbtoken,VCBToken
vcoin,VCOIN
vdgtoken,VDGToken
vechain,VeChain
vectorspaceai-token,VectorspaceAI Token
veen,Veen
vegantoken,VEGANToken
velo,Velo
venoty-token,Venoty Token
venusenergy-token,VenusEnergy Token
venustoken,VenusToken
veraone,VeraOne
verify-token,Coin Artist
verisafe,VeriSafe
verisafe-token,VeriSafe Token
veritaseum-token,Veritaseum Token
veritytoken,VerityToken
veron,Veron
veros,Veros
verox,Verox
verynifty,DMM
vestchain,VestChain
vether,Vether
vether3,Vether3
vetherasset-org,vetherasset.org
vetri-token,VETRI Token
vey-io-token,Vey.io Token
vezt-token,Vezt Token
vgtgtoken,VGTGToken
vgtntoken,VGTNToken
vgwtoken,VGWToken
vianex,VianeX
vianexgold,VianeXGold
vibecoin,VibeCoin
viberate-token,Viberate Token
victorieumtoken,VictorieumToken
vid-camera,Vid.camera
vikky-token,Vikky Token
vinchain-token,VINchain Token
vinci-token,Vinci Token
vinx-coin-sto,Vinx Coin STO
vipchain,VIPChain
vipgo,VipGo
virgox,VirgoX
virtex,VIRTEX
virtualtoken,VirtualToken
visionx-token,VisionX Token
vitetoken,ViteToken
vittoken,VITToken
viuly,Viuly
vkenaf-blockchain,VKenaf BlockChain
vmemberscoin,VMembersCoin
vndc-stablecoin,VNDC Stablecoin
vnt,VNT
vnx-exchange,VNX Exchange
voctoken,VocToken
vodi-x-token,Vodi X Token
voidtoken,VoidToken
voise-token,Voise Token
vol,VOL
volttoken,VoltToken
voltz-token,Voltz Token
vormatoken,VormaToken
votingtoken,DFOhub
voyager,Voyager
vratoken,VraToken
vreneliumtoken,VreneliumToken
vtd-finance,VTD Finance
vyper-contract,Vyper_contract
w-green-pay-token,W Green Pay Token
wabnetwork-token,WABnetwork Token
wadzpay,WadzPay
wakcoin,WakCoin
wale-token,Wale Token
walleteum-token,Elitium Token
walletreum,Walletreum
wallofchaintoken,WallOfChainToken
walnut-finance,Walnut.Finance
waltonchain-token,Waltonchain Token
wandx,WandX
watermelonblock-token,WatermelonBlock Token
watt,WATT
wave-platform,Wave Platform
waves,Waves
waykicoin-token,WaykiCoin Token
wbcdtoken,WBCDToken
wdna,WDNA
weave-finance,Weave Finance
webcoin,Webcoin
webetcrypto,WeBetCrypto
wegen,WEGEN
well-token,Well Token
wemarktoken,WemarkToken
wethgateway,WETHGateway
whale,Whale
whaletoken,WhaleToken
whentoken,WHENToken
whiteheart,Whiteheart
who,Who
whole-network-node-token,NoahCoin
wiactoken,WIACToken
wibson-token,Wibson Token
wicoin,WiCoin
wideenergy,WideEnergy
wifi-coin,Wifi-Coin
wiix-coin,WIIX Coin
winplay,WinPlay
winsshi,WINSSHI
winstars-token,Winstars Token
wisepass-token,Blockpass
witchain-token,WITChain Token
wittoken,WitToken
wixlar-token,Wixlar Token
wizard,Wizard
wmpro,Wmpro
wolfage-finance,Wolfage Finance
wolfs,Wolfs
wolfworldtoken,Wolfworldtoken
wolk,Wolk
wolk-token,Wolk Token
wom-protocol,WOM Protocol
wooshcoin-token,WooshCoin Token
workcoin-token,WorkCoin Token
world-wide-web-coin,World_Wide_Web_Coin
worldelectronicsportscoin,WorldElectronicSportsCoin
worldunitedcoinstoken,WorldUnitedCoinsToken
worldwide-asset-exchange,Worldwide Asset eXchange
worldwifi-token,WorldWifi Token
wormhole-finance,Wormhole.Finance
woyager-token,Woyager Token
wrapped,Wrapped
wrapped-dgld,wrapped_DGLD
wrapped-ether,Wrapped Ether
wrapped-nxm,Wrapped NXM
wrapped-origin-axie,Wrapped Origin Axie
wrapped-zec,Wrapped ZEC
wrapped1155,Noodle.Finance
wrappedmarblecard,WrappedMarbleCard
wrappedvg0,WrappedVG0
wrappered,Wrappered
wtptoken,WTPToken
wwxtoken,WWXToken
wys-token,WYS Token
wyverntoken,WyvernToken
x8x-token,X8X Token
xaurumgammatoken,XaurumGammaToken
xbtc,xBTC
xceltoken-plus,XcelToken Plus
xcmgtoken,XCMGToken
xcredit,XCredit
xcrypt-token,xCrypt Token
xcttoken,Nexium Token
xdai,xDai
xdctoken,XDCToken
xdefitoken,xDeFiToken
xenontoken,XenonToken
xeonbittoken,XeonbitToken
xevenue,XEVENUE
xfers,Xfers
xfii-tech,XFII Tech
xfinance,Xfinance
xintimetoken,XinTimeToken
xiotri,BloxChain
xlxpay,XLXPay
xnttoken,XNTToken
xovbank-token,XOVBank Token
xpa-token,XPA Token
xpayment,Xpayment
xpaypro,XPAYPro
xpaytoken,XPAYToken
xperl,xPERL
xplosive-ethereum,Xplosive Ethereum
xps,XPS
xreserve-fund,xreserve.fund
xscctoken,XSCCToken
xsigma,xSigma
xsrtoken,XSRToken
xswap,XSwap
xtake,XTAKE
xtock-token,Xtock Token
xtoken,xToken
xtrd-token,XTRD Token
xts,XTS
xttoken,XTToken
xyo-foundation,XYO Foundation
yakuza,Yakuza
yang,YANG
yaxis,yAxis
yb-dao,YB DAO
ycctoken,YCCToken
yea-finance,Yea Finance
yearn,yearn
yearn-agnostic,Yearn Agnostic
yearn-classic,EaiToken
yearn-finance-management,Yearn Finance Management
yearn-finance-network,Yearn Finance Network
yearn-finance-protocol,Yearn Finance Protocol
yearn-generation-of-yield,Yearn Generation of Yield
yearn-land,Yearn Land
yearn-shark-finance,Yearn Shark Finance
yearn-fuel,Yearn.Fuel
yearn2-finance,Yearn2.Finance
yearn4-finance,yearn4.finance
yearnethfinance,YearnethFINANCE
yearnfinanceecosystem,YearnFinanceEcosystem
yearnfinancenetwork,YearnFinanceNetwork
yearnglobal,YEARNGLOBAL
yearnsecure,YearnSecure
yeetoken,YEEToken
yefam-finance,Yefam.Finance
yefamfinancev2,YefamFinanceV2
yeld-finance,Yeld.Finance
yellow,Yellow
yf-moonshot,YF Moonshot
yf-red-moon,YF Red Moon
yfa-finance,YFA.Finance
yfarmland,YFarmLand
yfdai-finance,YFDAI.Finance
yfe-money,YFE Money
yfed-finance,Yfed.Finance
yfet-finance,YFET.Finance
yffc-finance,YFFC.Finance
yffi-finance,YFFI.finance
yffii-finance,YFFII.Finance
yffs-finance,YFFS.Finance
yfftoken,YFFToken
yfi-cash,YFI Cash
yfi-credits,YFI Credits
yfi-credits-group,YFI Credits Group
yfi-king,YFI King
yfi-paprika,YFI Paprika
yfi3-money,YFI3 Money
yfibalancer-finance,Yfibalancer.Finance
yfibusiness-finance,YFIBusiness.Finance
yfidapp,YFIDapp
yfii-gold,YFII Gold
yfii-finance,YFII.finance
yfiii-money,YFIII Money
yfilend-finance,YFILEND.Finance
yfim,YFIM
yfione,Yfione
yfiproducttoken,YFIProductToken
yfos-finance,YFOS.Finance
yfox-finance,YFOX.Finance
yfpi,YFPI
yfpro-finance,YFPRO.Finance
yfrb-finance,YFRB.Finance
yfscience,YFScience
yfst,YFST
yggdrash-token,YGGDRASH Token
ygov-finance,Ygov.finance
yholdfinance,YHOLDFINANCE
yobit,Yobit
yoink,Yoink
yokdata,YOKdata
yolocash-token,YoloCash Token
yop,YOP
yotro,Yotro
yotta-coin,Yotta Coin
youcash,yOUcash
youthcoin,YouthCoin
youtoken,YOUToken
yoyowtoken,YoyowToken
yrise-finance,yRise Finance
ystar,Ystar
ytho-online,YTHO Online
yuki-token,YUKI Token
yunotoken,YUNOToken
yupietoken,YupieToken
yuptoken,YUPToken
yvs-finance,YVS Finance
zac-finance,ZAC Finance
zai-finance,Zai Finance
zalxtherium,ZALXTHERIUM
zamrud,Zamrud
zantecoin,ZanteCoin
zap-token,ZAP Token
zapper-nft-v1-0-5,Zapper_NFT_V1_0_5
zb-com-token,ZB.com Token
zcnoxcoin,ZcnoxCoin
zcor,ZCOR
zcore-network,ZCore Network
zebellion,ZEBELLION
zebi,Zebi
zedxe,ZedXe
zeextoken,ZeexToken
zelaa,Zelaa
zelwin,Zelwin
zenith,Zenith
zenome-token,Zenome Token
zenswap-network,Zenswap Network
zeon-token,Zeon Token
zeracoin,ZERACOIN
zerion,Zerion
zero-exchange,Zero Exchange
zero-utility,Zero Utility
zerobank-token,Zerobank Token
zerocarbon,ZeroCarbon
zerochaintoken,ZerochainToken
zest,ZEST
zethereum,Zethereum
zeus-exchange,Zeus Exchange
zeusnetwork,ZeusNetwork
zeusshieldcoin-token,ZeusShieldCoin Token
zeux-coin,Zeux Coin
zhixintoken,ZhiXinToken
zhsh,ZHSH
ziktoken,ZikToken
zilla-token,Zilla Token
zilliqa-token,Zilliqa Token
zinc-token,Zinc Token
zipmextokenproxy,ZipmexTokenProxy
zipper-token,Zipper Token
ziptoken,ZipToken
zjlttoken,ZJLTToken
zkswap,ZKSwap
zksync,zkSync
zlot-finance,zLOT.Finance
zmancoin,ZMANCoin
zmine-token,ZMine Token
znt,ZNT
zodcoin,Zodcoin
zom-health,Zom Health
zoracles,Zoracles
zper-token,Zper Token
ztokens-erc20,ZTokens_ERC20
zuckbucks,ZuckBucks
zugacoin,Zugacoin
zulu-republic-token,Zulu Republic Token
zum,Zum
zuplofinance,Zuplofinance
zuzubetoken,ZUZUBEToken
zxth,ZXTH
zynecoin,Zynecoin
zzz-finance,zzz.finance
ǒmega-protocol,PerceptForm
